price_raw;material_ID;date;price;High;Low;change
130082023;1;08/30/2023;1944.3;1946.4;1934.6;8.300049
129082023;1;08/29/2023;1936.5;1936.5;1916.9;18.599976
128082023;1;08/28/2023;1917.9;1921.5;1915.5;2.4000244
125082023;1;08/25/2023;1911.1;1919.8;1911.1;-8.700073
124082023;1;08/24/2023;1918.2;1920.8;1918.2;-1.8000488
123082023;1;08/23/2023;1918.5;1918.5;1909.6;8.900024
122082023;1;08/22/2023;1896.4;1896.8;1892.8;1.8000488
121082023;1;08/21/2023;1893.3;1893.6;1893.3;-0.29992676
118082023;1;08/18/2023;1886.1;1891.8;1886.1;-5.7000732
117082023;1;08/17/2023;1884.1;1902.4;1884.0;-9.599976
116082023;1;08/16/2023;1896.1;1904.5;1890.3;-8.400024
115082023;1;08/15/2023;1902.5;1907.7;1895.0;-3.5
114082023;1;08/14/2023;1910.6;1912.6;1903.3;1.2999268
111082023;1;08/11/2023;1912.9;1916.6;1911.8;-0.099975586
110082023;1;08/10/2023;1914.4;1927.8;1911.4;-6.699951
109082023;1;08/09/2023;1915.4;1928.8;1913.7;-10.0
108082023;1;08/08/2023;1924.1;1933.2;1923.0;-7.5999756
107082023;1;08/07/2023;1933.5;1941.0;1929.8;-7.5
104082023;1;08/04/2023;1939.6;1945.0;1920.0;4.699951
103082023;1;08/03/2023;1932.0;1936.5;1928.0;-2.1999512
102082023;1;08/02/2023;1937.4;1953.6;1933.2;-11.0
101082023;1;08/01/2023;1940.7;1965.4;1940.7;-24.200073
131072023;1;07/31/2023;1970.5;1971.6;1950.0;11.300049
128072023;1;07/28/2023;1960.4;1962.2;1944.2;14.900024
127072023;1;07/27/2023;1945.4;1945.4;1945.4;0.0
126072023;1;07/26/2023;1968.9;1972.0;1966.2;2.7000732
125072023;1;07/25/2023;1962.1;1962.5;1953.0;9.099976
124072023;1;07/24/2023;1960.3;1965.5;1960.3;-5.0
121072023;1;07/21/2023;1964.3;1964.3;1961.8;2.5
120072023;1;07/20/2023;1968.3;1973.7;1965.6;-5.3999023
119072023;1;07/19/2023;1977.5;1977.5;1973.0;0.5
118072023;1;07/18/2023;1977.2;1978.4;1963.4;8.399902
117072023;1;07/17/2023;1952.4;1956.5;1946.6;-1.5999756
114072023;1;07/14/2023;1960.1;1960.6;1952.7;1.6999512
113072023;1;07/13/2023;1959.2;1961.1;1953.0;-1.9000244
112072023;1;07/12/2023;1956.2;1958.0;1932.2;23.899902
111072023;1;07/11/2023;1931.3;1937.0;1924.2;6.300049
110072023;1;07/10/2023;1925.0;1926.1;1912.3;1.4000244
107072023;1;07/07/2023;1926.2;1934.1;1913.4;12.799927
106072023;1;07/06/2023;1908.7;1910.2;1903.2;-0.60009766
105072023;1;07/05/2023;1919.6;1933.9;1914.7;-3.9000244
103072023;1;07/03/2023;1921.7;1929.5;1917.9;3.7999268
130062023;1;06/30/2023;1921.1;1921.1;1900.6;12.5
129062023;1;06/29/2023;1909.2;1909.9;1892.5;-0.70007324
128062023;1;06/28/2023;1912.3;1912.3;1912.3;0.0
127062023;1;06/27/2023;1914.0;1929.4;1914.0;-13.0
126062023;1;06/26/2023;1923.7;1928.5;1922.5;0.79992676
123062023;1;06/23/2023;1919.1;1932.5;1918.7;0.4000244
122062023;1;06/22/2023;1912.7;1921.0;1912.1;-7.300049
121062023;1;06/21/2023;1933.3;1936.8;1920.0;-2.2999268
120062023;1;06/20/2023;1935.5;1958.6;1931.3;-23.099976
116062023;1;06/16/2023;1958.4;1962.9;1953.5;-3.0
115062023;1;06/15/2023;1957.8;1958.8;1926.0;16.100098
114062023;1;06/14/2023;1955.3;1958.2;1940.3;9.100098
113062023;1;06/13/2023;1944.6;1967.5;1940.3;-16.0
112062023;1;06/12/2023;1955.3;1963.5;1951.4;-4.3999023
109062023;1;06/09/2023;1962.2;1969.8;1960.3;-2.9000244
108062023;1;06/08/2023;1963.6;1969.0;1943.1;20.400024
107062023;1;06/07/2023;1942.7;1968.4;1940.7;-16.300049
106062023;1;06/06/2023;1965.5;1965.5;1958.8;4.699951
105062023;1;06/05/2023;1958.0;1961.9;1937.8;10.5
102062023;1;06/02/2023;1952.4;1982.5;1947.4;-24.699951
101062023;1;06/01/2023;1978.0;1983.0;1954.3;14.800049
131052023;1;05/31/2023;1963.9;1973.0;1953.0;5.7000732
130052023;1;05/30/2023;1958.0;1962.6;1931.0;15.300049
126052023;1;05/26/2023;1944.1;1948.4;1944.1;-4.0999756
125052023;1;05/25/2023;1943.1;1943.1;1943.1;0.0
124052023;1;05/24/2023;1962.8;1975.4;1962.8;-12.599976
123052023;1;05/23/2023;1972.4;1972.4;1972.4;0.0
122052023;1;05/22/2023;1974.8;1980.5;1974.8;-5.699951
119052023;1;05/19/2023;1978.7;1978.7;1960.0;18.699951
118052023;1;05/18/2023;1956.5;1956.8;1956.5;0.0
117052023;1;05/17/2023;1980.7;1983.6;1980.7;-2.9000244
116052023;1;05/16/2023;1988.4;1988.4;1988.4;0.0
115052023;1;05/15/2023;2018.0;2018.0;2013.8;4.199951
112052023;1;05/12/2023;2014.5;2014.5;2014.5;0.0
111052023;1;05/11/2023;2014.7;2038.3;2014.0;-19.400024
110052023;1;05/10/2023;2030.5;2044.3;2029.5;-1.8000488
109052023;1;05/09/2023;2036.2;2037.3;2025.9;9.599976
108052023;1;05/08/2023;2026.3;2026.3;2022.5;3.8000488
105052023;1;05/05/2023;2017.4;2046.4;2004.3;-29.0
104052023;1;05/04/2023;2048.0;2072.0;2040.0;3.0
103052023;1;05/03/2023;2028.6;2035.1;2015.2;11.5
102052023;1;05/02/2023;2014.3;2018.0;1994.7;19.600098
101052023;1;05/01/2023;1983.4;2005.0;1976.9;3.3000488
128042023;1;04/28/2023;1990.1;1990.1;1977.7;3.1999512
127042023;1;04/27/2023;1989.9;2002.3;1979.9;-0.6999512
126042023;1;04/26/2023;1985.7;1998.8;1985.6;-12.100098
125042023;1;04/25/2023;1994.0;1999.1;1982.3;-1.6999512
124042023;1;04/24/2023;1989.1;1989.8;1977.4;7.7999268
121042023;1;04/21/2023;1979.5;1996.2;1974.1;-16.699951
120042023;1;04/20/2023;2007.6;2007.6;1998.0;9.599976
119042023;1;04/19/2023;1995.2;2006.4;1969.8;-10.5
118042023;1;04/18/2023;2007.4;2007.4;1996.9;10.5
117042023;1;04/17/2023;1994.2;2007.6;1983.2;-8.5
114042023;1;04/14/2023;2002.2;2047.8;1995.0;-38.80005
113042023;1;04/13/2023;2041.3;2048.6;2015.6;25.700073
112042023;1;04/12/2023;2010.9;2025.7;2005.2;5.7000732
111042023;1;04/11/2023;2004.8;2006.5;1991.4;13.400024
110042023;1;04/10/2023;1989.1;2006.6;1984.0;-10.900024
106042023;1;04/06/2023;2011.9;2023.3;2005.0;-10.299927
105042023;1;04/05/2023;2020.9;2033.8;2013.6;-1.1999512
104042023;1;04/04/2023;2022.2;2027.1;1979.0;37.599976
103042023;1;04/03/2023;1983.9;1991.7;1950.0;15.800049
131032023;1;03/31/2023;1969.0;1986.8;1968.0;-12.300049
130032023;1;03/30/2023;1980.3;1984.4;1954.9;14.400024
129032023;1;03/29/2023;1966.1;1966.1;1966.1;0.0
128032023;1;03/28/2023;1972.4;1972.4;1972.4;0.0
127032023;1;03/27/2023;1952.4;1957.2;1952.4;-4.7999268
124032023;1;03/24/2023;1982.1;1995.4;1982.1;-9.599976
123032023;1;03/23/2023;1993.8;1994.6;1990.5;3.3000488
122032023;1;03/22/2023;1946.8;1974.0;1946.8;0.0
121032023;1;03/21/2023;1938.0;1973.8;1938.0;-35.80005
120032023;1;03/20/2023;1979.2;2003.9;1968.9;-9.100098
117032023;1;03/17/2023;1969.8;1985.1;1946.0;23.800049
116032023;1;03/16/2023;1919.0;1931.7;1909.9;9.099976
115032023;1;03/15/2023;1926.6;1926.6;1898.5;22.699951
114032023;1;03/14/2023;1906.2;1912.2;1901.1;-6.0
113032023;1;03/13/2023;1911.7;1913.1;1875.1;20.899902
110032023;1;03/10/2023;1862.0;1868.5;1852.0;9.699951
109032023;1;03/09/2023;1829.3;1829.3;1815.6;12.900024
108032023;1;03/08/2023;1812.7;1812.9;1811.5;1.0999756
107032023;1;03/07/2023;1813.9;1840.9;1813.9;-27.0
106032023;1;03/06/2023;1847.9;1853.8;1844.2;-5.4000244
103032023;1;03/03/2023;1847.7;1855.4;1837.3;10.399902
102032023;1;03/02/2023;1833.5;1836.3;1830.0;3.5
101032023;1;03/01/2023;1837.7;1841.7;1827.1;10.599976
128022023;1;02/28/2023;1828.9;1830.0;1808.1;20.800049
127022023;1;02/27/2023;1817.0;1817.5;1808.9;5.4000244
124022023;1;02/24/2023;1808.8;1808.8;1808.8;0.0
123022023;1;02/23/2023;1818.0;1827.5;1818.0;-8.400024
122022023;1;02/22/2023;1832.0;1836.2;1825.1;-3.6999512
121022023;1;02/21/2023;1833.0;1843.0;1833.0;-9.599976
117022023;1;02/17/2023;1840.4;1842.2;1818.4;13.0
116022023;1;02/16/2023;1842.0;1843.7;1827.2;3.4000244
115022023;1;02/15/2023;1834.2;1842.0;1828.2;-7.800049
114022023;1;02/14/2023;1854.0;1862.0;1846.2;-0.099975586
113022023;1;02/13/2023;1851.9;1861.0;1850.0;-7.0999756
110022023;1;02/10/2023;1862.8;1863.5;1852.4;1.2000732
109022023;1;02/09/2023;1866.2;1884.6;1859.8;-9.100098
108022023;1;02/08/2023;1877.4;1880.4;1872.1;5.300049
107022023;1;02/07/2023;1871.7;1875.7;1868.0;1.6999512
106022023;1;02/06/2023;1866.2;1880.0;1863.4;0.5999756
103022023;1;02/03/2023;1862.9;1917.0;1861.5;-49.5
102022023;1;02/02/2023;1916.3;1959.1;1911.3;-36.0
101022023;1;02/01/2023;1927.8;1955.0;1922.0;0.60009766
131012023;1;01/31/2023;1929.5;1930.4;1900.6;6.5
130012023;1;01/30/2023;1922.9;1933.6;1920.3;-5.4000244
127012023;1;01/27/2023;1928.6;1928.6;1928.6;0.0
126012023;1;01/26/2023;1929.1;1937.1;1927.1;-7.5
125012023;1;01/25/2023;1941.2;1941.2;1939.8;0.0
124012023;1;01/24/2023;1933.9;1936.8;1931.8;2.0999756
123012023;1;01/23/2023;1927.1;1927.1;1915.0;0.5999756
120012023;1;01/20/2023;1926.4;1928.5;1921.4;4.300049
119012023;1;01/19/2023;1922.1;1931.8;1922.1;0.0
118012023;1;01/18/2023;1904.4;1911.1;1903.1;-6.699951
117012023;1;01/17/2023;1907.2;1920.1;1905.2;-12.900024
113012023;1;01/13/2023;1918.4;1920.9;1898.3;19.400024
112012023;1;01/12/2023;1895.5;1897.4;1877.2;18.300049
111012023;1;01/11/2023;1874.6;1877.8;1873.1;1.5
110012023;1;01/10/2023;1871.6;1878.1;1871.6;-6.2000732
109012023;1;01/09/2023;1872.7;1880.0;1867.0;5.699951
106012023;1;01/06/2023;1864.2;1868.2;1835.3;25.799927
105012023;1;01/05/2023;1834.8;1855.2;1834.8;-20.399902
104012023;1;01/04/2023;1852.8;1859.1;1845.6;7.2000732
103012023;1;01/03/2023;1839.7;1839.7;1836.2;3.5
130122022;1;12/30/2022;1819.7;1822.3;1816.8;2.6999512
129122022;1;12/29/2022;1819.5;1819.5;1805.8;13.699951
128122022;1;12/28/2022;1807.9;1807.9;1803.1;4.7000732
127122022;1;12/27/2022;1814.8;1826.3;1803.4;11.400024
123122022;1;12/23/2022;1795.9;1802.8;1794.1;1.5999756
122122022;1;12/22/2022;1787.0;1818.1;1785.0;-31.099976
121122022;1;12/21/2022;1815.9;1821.4;1814.4;-1.5
120122022;1;12/20/2022;1815.9;1821.4;1786.5;29.400024
119122022;1;12/19/2022;1787.7;1796.3;1785.6;-3.9000244
116122022;1;12/16/2022;1790.0;1791.4;1777.9;12.099976
115122022;1;12/15/2022;1777.2;1801.0;1774.8;-23.800049
114122022;1;12/14/2022;1807.5;1812.8;1797.9;-3.3000488
113122022;1;12/13/2022;1813.9;1819.8;1780.5;33.200073
112122022;1;12/12/2022;1780.5;1793.9;1777.7;-6.800049
109122022;1;12/09/2022;1798.1;1804.3;1791.1;3.1999512
108122022;1;12/08/2022;1788.7;1790.9;1782.0;6.699951
107122022;1;12/07/2022;1785.5;1790.3;1769.3;16.199951
106122022;1;12/06/2022;1769.3;1779.4;1767.9;0.70007324
105122022;1;12/05/2022;1767.4;1808.0;1764.3;-28.299927
102122022;1;12/02/2022;1795.9;1802.3;1779.4;-6.0999756
101122022;1;12/01/2022;1801.1;1803.7;1768.7;32.400024
130112022;1;11/30/2022;1746.0;1769.4;1745.1;-2.0999756
129112022;1;11/29/2022;1748.4;1758.2;1737.9;8.900024
128112022;1;11/28/2022;1740.1;1741.3;1740.1;-1.2000732
125112022;1;11/25/2022;1753.3;1757.9;1749.2;0.30004883
123112022;1;11/23/2022;1744.9;1750.9;1736.5;8.400024
122112022;1;11/22/2022;1738.3;1741.7;1738.3;-3.3999023
121112022;1;11/21/2022;1737.4;1744.9;1736.1;-1.5999756
118112022;1;11/18/2022;1751.9;1763.3;1747.6;-11.400024
117112022;1;11/17/2022;1760.8;1763.0;1756.0;-2.1999512
116112022;1;11/16/2022;1773.0;1778.9;1773.0;-3.5999756
115112022;1;11/15/2022;1773.8;1773.8;1769.9;3.0
114112022;1;11/14/2022;1773.6;1773.6;1761.6;11.599976
111112022;1;11/11/2022;1766.0;1766.0;1757.6;2.1999512
110112022;1;11/10/2022;1750.3;1750.3;1708.2;42.100098
109112022;1;11/09/2022;1710.1;1720.2;1706.0;2.6999512
108112022;1;11/08/2022;1712.1;1712.1;1703.2;8.900024
107112022;1;11/07/2022;1676.5;1677.9;1672.9;-0.4000244
104112022;1;11/04/2022;1672.5;1674.5;1629.0;42.30005
103112022;1;11/03/2022;1627.3;1629.2;1615.1;-1.8999023
102112022;1;11/02/2022;1645.7;1664.7;1634.0;-5.1000977
101112022;1;11/01/2022;1645.0;1653.7;1630.8;14.199951
131102022;1;10/31/2022;1635.9;1641.8;1633.4;-5.9000244
128102022;1;10/28/2022;1639.6;1661.0;1638.7;-21.400024
127102022;1;10/27/2022;1660.7;1660.7;1660.7;0.0
126102022;1;10/26/2022;1664.0;1667.0;1649.8;14.199951
125102022;1;10/25/2022;1652.8;1652.8;1637.3;4.6000977
124102022;1;10/24/2022;1648.7;1662.7;1648.7;-14.0
121102022;1;10/21/2022;1651.0;1653.9;1634.1;16.900024
120102022;1;10/20/2022;1630.8;1641.4;1622.8;8.0
119102022;1;10/19/2022;1627.5;1637.5;1627.5;-10.0
118102022;1;10/18/2022;1649.0;1655.2;1649.0;-2.4000244
117102022;1;10/17/2022;1657.0;1657.0;1646.8;6.800049
114102022;1;10/14/2022;1641.7;1667.0;1640.0;-23.600098
113102022;1;10/13/2022;1670.0;1675.3;1641.5;-5.199951
112102022;1;10/12/2022;1670.3;1672.7;1668.0;2.3000488
111102022;1;10/11/2022;1678.7;1678.7;1661.0;16.899902
110102022;1;10/10/2022;1667.3;1693.4;1667.0;-26.099976
107102022;1;10/07/2022;1700.5;1710.1;1693.7;-9.599976
106102022;1;10/06/2022;1711.7;1723.3;1709.1;-9.300049
105102022;1;10/05/2022;1711.4;1726.6;1703.0;-12.699951
104102022;1;10/04/2022;1721.1;1728.0;1696.0;19.900024
103102022;1;10/03/2022;1692.9;1700.0;1661.9;25.700073
130092022;1;09/30/2022;1662.4;1672.7;1658.0;0.70007324
129092022;1;09/29/2022;1658.5;1662.6;1640.0;1.5
128092022;1;09/28/2022;1660.4;1660.4;1620.4;40.0
127092022;1;09/27/2022;1626.7;1636.6;1626.7;-5.5
126092022;1;09/26/2022;1623.3;1623.3;1623.3;0.0
123092022;1;09/23/2022;1645.3;1667.0;1645.3;-21.699951
122092022;1;09/22/2022;1670.8;1670.8;1668.3;2.5
121092022;1;09/21/2022;1664.6;1680.1;1664.6;-0.9000244
120092022;1;09/20/2022;1659.7;1659.7;1659.7;0.0
119092022;1;09/19/2022;1666.2;1669.4;1658.5;4.3999023
116092022;1;09/16/2022;1671.7;1674.9;1651.7;11.299927
115092022;1;09/15/2022;1665.4;1686.0;1662.3;-20.099976
114092022;1;09/14/2022;1696.5;1701.8;1696.5;-2.1999512
113092022;1;09/13/2022;1705.0;1720.5;1697.3;-15.5
112092022;1;09/12/2022;1728.1;1728.1;1727.4;0.6999512
109092022;1;09/09/2022;1716.2;1720.0;1712.8;-3.0
108092022;1;09/08/2022;1708.0;1718.2;1705.3;-10.199951
107092022;1;09/07/2022;1715.3;1715.3;1694.7;20.5
106092022;1;09/06/2022;1700.4;1717.4;1699.7;-9.299927
102092022;1;09/02/2022;1709.8;1715.7;1703.1;6.4000244
101092022;1;09/01/2022;1696.6;1707.9;1693.9;-11.300049
131082022;1;08/31/2022;1712.8;1720.9;1708.5;-5.5
130082022;1;08/30/2022;1723.2;1739.0;1720.7;-13.200073
129082022;1;08/29/2022;1736.6;1741.2;1732.1;4.199951
126082022;1;08/26/2022;1736.1;1755.0;1736.1;-17.900024
125082022;1;08/25/2022;1757.7;1761.8;1755.0;-3.9000244
124082022;1;08/24/2022;1747.8;1751.8;1743.6;2.8000488
123082022;1;08/23/2022;1746.8;1748.9;1731.9;8.800049
122082022;1;08/22/2022;1734.0;1740.5;1726.5;-6.5
119082022;1;08/19/2022;1747.6;1754.3;1747.5;-6.0999756
118082022;1;08/18/2022;1755.3;1762.9;1753.4;-7.5999756
117082022;1;08/17/2022;1760.3;1769.7;1760.0;-9.399902
116082022;1;08/16/2022;1773.2;1777.4;1771.4;-4.2000732
115082022;1;08/15/2022;1781.4;1799.0;1774.7;-17.599976
112082022;1;08/12/2022;1798.6;1800.4;1784.3;12.299927
111082022;1;08/11/2022;1789.7;1794.3;1785.7;-4.6000977
110082022;1;08/10/2022;1795.6;1804.9;1787.8;-8.800049
109082022;1;08/09/2022;1794.0;1796.1;1789.0;4.0
108082022;1;08/08/2022;1786.8;1786.8;1771.8;15.0
105082022;1;08/05/2022;1772.9;1791.4;1764.2;-18.299927
104082022;1;08/04/2022;1788.5;1792.1;1767.7;19.099976
103082022;1;08/03/2022;1758.0;1770.5;1753.0;1.3000488
102082022;1;08/02/2022;1771.1;1786.6;1759.4;-1.0
101082022;1;08/01/2022;1769.0;1772.5;1756.1;5.0999756
129072022;1;07/29/2022;1762.9;1765.7;1750.0;8.900024
128072022;1;07/28/2022;1750.3;1755.0;1732.0;18.0
127072022;1;07/27/2022;1719.1;1719.1;1719.1;0.0
126072022;1;07/26/2022;1717.7;1718.0;1717.7;-0.30004883
125072022;1;07/25/2022;1719.0;1732.0;1719.0;-8.0
122072022;1;07/22/2022;1727.1;1735.0;1713.0;13.799927
121072022;1;07/21/2022;1712.7;1715.5;1679.8;25.699951
120072022;1;07/20/2022;1699.5;1708.5;1699.5;-7.5999756
119072022;1;07/19/2022;1710.0;1714.4;1706.1;-2.3000488
118072022;1;07/18/2022;1709.2;1712.4;1709.2;-3.0
115072022;1;07/15/2022;1702.4;1709.7;1701.1;-3.0
114072022;1;07/14/2022;1704.5;1710.5;1704.5;-5.800049
113072022;1;07/13/2022;1734.2;1734.2;1710.0;24.199951
112072022;1;07/12/2022;1723.3;1735.5;1723.3;-10.899902
111072022;1;07/11/2022;1730.0;1736.7;1730.0;-2.5
108072022;1;07/08/2022;1740.6;1749.3;1732.1;2.5
107072022;1;07/07/2022;1737.9;1745.2;1737.0;-7.2999268
106072022;1;07/06/2022;1734.9;1768.0;1734.0;-27.599976
105072022;1;07/05/2022;1761.8;1805.4;1761.8;-43.599976
101072022;1;07/01/2022;1798.9;1806.1;1791.6;3.4000244
130062022;1;06/30/2022;1804.1;1817.3;1801.0;-5.5
129062022;1;06/29/2022;1813.7;1830.3;1812.8;-4.6000977
128062022;1;06/28/2022;1817.5;1826.0;1817.5;-6.699951
127062022;1;06/27/2022;1820.9;1830.7;1819.9;-9.599976
124062022;1;06/24/2022;1826.5;1826.5;1815.8;6.0
123062022;1;06/23/2022;1825.7;1841.2;1825.7;-9.800049
122062022;1;06/22/2022;1834.3;1842.7;1821.6;4.800049
121062022;1;06/21/2022;1834.6;1838.6;1830.1;-0.70007324
117062022;1;06/17/2022;1835.6;1853.7;1833.6;-18.099976
116062022;1;06/16/2022;1845.7;1850.6;1814.9;26.5
115062022;1;06/15/2022;1815.3;1839.0;1810.8;1.2000732
114062022;1;06/14/2022;1809.5;1825.5;1805.3;-15.5
113062022;1;06/13/2022;1828.0;1873.8;1818.7;-45.80005
110062022;1;06/10/2022;1871.5;1875.6;1823.9;28.800049
109062022;1;06/09/2022;1848.8;1850.1;1837.9;2.7000732
108062022;1;06/08/2022;1851.9;1855.0;1844.4;7.0999756
107062022;1;06/07/2022;1847.5;1851.6;1835.0;10.599976
106062022;1;06/06/2022;1839.2;1854.1;1839.2;-9.800049
103062022;1;06/03/2022;1845.4;1871.8;1845.4;-22.199951
102062022;1;06/02/2022;1866.5;1868.7;1842.1;21.099976
101062022;1;06/01/2022;1843.3;1847.9;1825.3;12.300049
131052022;1;05/31/2022;1842.7;1862.1;1832.8;-7.6000977
127052022;1;05/27/2022;1851.3;1860.7;1845.9;3.0
126052022;1;05/26/2022;1847.4;1847.4;1840.4;7.0
125052022;1;05/25/2022;1846.2;1846.2;1846.2;0.0
124052022;1;05/24/2022;1865.1;1867.0;1852.5;12.599976
123052022;1;05/23/2022;1847.8;1863.0;1845.8;1.5
120052022;1;05/20/2022;1841.8;1841.8;1836.3;2.7000732
119052022;1;05/19/2022;1841.2;1841.2;1810.7;30.299927
118052022;1;05/18/2022;1815.9;1819.7;1805.0;0.9000244
117052022;1;05/17/2022;1818.2;1828.6;1816.7;-6.7000732
116052022;1;05/16/2022;1813.5;1813.5;1787.0;23.0
113052022;1;05/13/2022;1807.4;1825.0;1807.4;-17.599976
112052022;1;05/12/2022;1823.8;1851.9;1822.2;-26.0
111052022;1;05/11/2022;1852.6;1852.6;1841.0;11.099976
110052022;1;05/10/2022;1839.9;1839.9;1839.9;0.0
109052022;1;05/09/2022;1857.1;1867.5;1854.0;-9.5
106052022;1;05/06/2022;1881.2;1890.3;1871.5;6.5
105052022;1;05/05/2022;1874.0;1904.3;1874.0;-23.0
104052022;1;05/04/2022;1867.0;1867.0;1867.0;0.0
103052022;1;05/03/2022;1868.8;1868.8;1868.8;0.0
102052022;1;05/02/2022;1861.8;1896.8;1853.0;-34.899902
129042022;1;04/29/2022;1909.3;1918.2;1902.4;6.6000977
128042022;1;04/28/2022;1888.7;1893.0;1872.9;4.8999023
127042022;1;04/27/2022;1885.9;1900.6;1882.2;-11.900024
126042022;1;04/26/2022;1901.4;1909.1;1894.0;0.9000244
125042022;1;04/25/2022;1893.2;1925.0;1889.3;-31.800049
122042022;1;04/22/2022;1931.0;1950.4;1930.2;-18.599976
121042022;1;04/21/2022;1944.9;1944.9;1942.5;2.4000244
120042022;1;04/20/2022;1952.3;1953.6;1945.5;6.800049
119042022;1;04/19/2022;1955.7;1978.3;1945.7;-18.100098
118042022;1;04/18/2022;1982.9;1997.1;1972.8;9.5
114042022;1;04/14/2022;1970.9;1978.7;1963.0;-6.2999268
113042022;1;04/13/2022;1981.0;1981.0;1969.5;11.5
112042022;1;04/12/2022;1972.1;1977.1;1950.6;19.599976
111042022;1;04/11/2022;1944.3;1968.4;1941.8;-2.2999268
108042022;1;04/08/2022;1941.6;1947.7;1928.8;12.799927
107042022;1;04/07/2022;1933.8;1934.8;1919.5;14.300049
106042022;1;04/06/2022;1918.4;1931.8;1916.7;1.7000732
105042022;1;04/05/2022;1922.9;1943.5;1918.4;-4.199951
104042022;1;04/04/2022;1929.2;1936.1;1915.6;8.0
101042022;1;04/01/2022;1919.1;1938.0;1917.0;-15.900024
131032022;1;03/31/2022;1949.2;1949.9;1919.1;15.699951
130032022;1;03/30/2022;1933.5;1937.0;1914.5;15.099976
129032022;1;03/29/2022;1912.0;1912.0;1893.5;18.5
128032022;1;03/28/2022;1939.6;1939.6;1932.6;7.0
125032022;1;03/25/2022;1953.8;1953.8;1953.8;0.0
124032022;1;03/24/2022;1961.6;1964.0;1961.6;-2.0
123032022;1;03/23/2022;1936.6;1936.6;1936.6;0.0
122032022;1;03/22/2022;1920.7;1920.7;1920.7;0.0
121032022;1;03/21/2022;1928.6;1928.6;1925.0;3.1999512
118032022;1;03/18/2022;1928.2;1939.3;1928.2;-6.300049
117032022;1;03/17/2022;1942.1;1947.2;1933.9;8.199951
116032022;1;03/16/2022;1908.0;1922.4;1907.2;-14.400024
115032022;1;03/15/2022;1928.5;1939.9;1910.7;-11.300049
114032022;1;03/14/2022;1959.6;1977.7;1959.6;-16.900024
111032022;1;03/11/2022;1982.7;1996.0;1959.9;-2.3000488
110032022;1;03/10/2022;1998.1;2010.5;1978.1;20.0
109032022;1;03/09/2022;1985.9;2063.0;1980.8;-67.70007
108032022;1;03/08/2022;2040.1;2072.0;1998.0;40.69995
107032022;1;03/07/2022;1993.9;2001.1;1963.0;4.9000244
104032022;1;03/04/2022;1965.1;1970.9;1935.6;28.099976
103032022;1;03/03/2022;1934.4;1940.3;1924.8;3.9000244
102032022;1;03/02/2022;1920.9;1948.2;1919.8;-24.699951
101032022;1;03/01/2022;1942.4;1942.4;1903.8;34.099976
128022022;1;02/28/2022;1899.4;1928.4;1894.2;-28.900024
125022022;1;02/25/2022;1886.5;1920.0;1883.6;-20.400024
124022022;1;02/24/2022;1925.1;1972.5;1911.7;13.199951
123022022;1;02/23/2022;1909.2;1910.6;1895.7;12.599976
122022022;1;02/22/2022;1906.1;1912.0;1890.8;-2.0
118022022;1;02/18/2022;1898.6;1899.4;1890.7;-0.8000488
117022022;1;02/17/2022;1900.7;1900.7;1876.2;24.399902
116022022;1;02/16/2022;1870.2;1870.2;1856.3;11.5
115022022;1;02/15/2022;1854.8;1879.7;1847.4;-17.799927
114022022;1;02/14/2022;1868.0;1870.6;1854.6;6.199951
111022022;1;02/11/2022;1840.8;1864.8;1822.0;18.800049
110022022;1;02/10/2022;1836.2;1842.1;1820.8;2.8999023
109022022;1;02/09/2022;1835.2;1835.2;1825.3;9.799927
108022022;1;02/08/2022;1826.6;1827.6;1815.0;7.699951
107022022;1;02/07/2022;1820.6;1821.3;1809.1;8.400024
104022022;1;02/04/2022;1806.6;1813.7;1792.5;0.5999756
103022022;1;02/03/2022;1803.0;1808.1;1787.9;-2.8000488
102022022;1;02/02/2022;1809.2;1810.1;1795.1;11.399902
101022022;1;02/01/2022;1800.3;1806.1;1797.1;3.1000977
131012022;1;01/31/2022;1795.0;1798.5;1785.1;6.5
128012022;1;01/28/2022;1784.9;1798.4;1778.8;-12.599976
127012022;1;01/27/2022;1793.3;1793.3;1793.3;0.0
126012022;1;01/26/2022;1829.9;1829.9;1829.9;0.0
125012022;1;01/25/2022;1852.7;1852.7;1842.0;9.699951
124012022;1;01/24/2022;1841.7;1842.1;1837.9;3.7999268
121012022;1;01/21/2022;1831.8;1842.4;1828.9;-6.199951
120012022;1;01/20/2022;1842.5;1843.0;1838.2;1.9000244
119012022;1;01/19/2022;1843.1;1843.1;1817.4;25.699951
118012022;1;01/18/2022;1812.3;1820.1;1812.3;-4.5
114012022;1;01/14/2022;1816.5;1822.0;1816.5;-5.0
113012022;1;01/13/2022;1821.2;1823.0;1815.4;1.3999023
112012022;1;01/12/2022;1827.2;1827.2;1816.9;8.199951
111012022;1;01/11/2022;1818.6;1822.5;1803.0;14.699951
110012022;1;01/10/2022;1798.4;1798.7;1790.4;3.5
107012022;1;01/07/2022;1797.0;1797.0;1784.4;5.199951
106012022;1;01/06/2022;1788.7;1791.3;1787.1;1.5999756
105012022;1;01/05/2022;1824.6;1824.6;1813.1;11.5
104012022;1;01/04/2022;1814.0;1815.3;1800.0;13.5
103012022;1;01/03/2022;1799.4;1830.1;1798.8;-30.699951
131122021;1;12/31/2021;1827.5;1827.8;1821.4;2.4000244
130122021;1;12/30/2021;1812.7;1816.0;1796.0;11.0
129122021;1;12/29/2021;1805.1;1805.1;1791.4;1.9000244
128122021;1;12/28/2021;1810.2;1818.0;1805.5;-1.8000488
127122021;1;12/27/2021;1808.1;1812.1;1807.0;-1.9000244
123122021;1;12/23/2021;1811.2;1811.2;1800.8;5.199951
122122021;1;12/22/2021;1801.6;1805.2;1785.5;15.599976
121122021;1;12/21/2021;1787.9;1796.5;1787.9;-3.5
120122021;1;12/20/2021;1793.7;1799.8;1792.0;-3.1000977
117122021;1;12/17/2021;1803.8;1812.9;1803.8;-0.19995117
116122021;1;12/16/2021;1796.6;1798.1;1781.0;15.599976
115122021;1;12/15/2021;1762.6;1778.7;1753.9;-4.800049
114122021;1;12/14/2021;1770.4;1787.0;1769.0;-16.599976
113122021;1;12/13/2021;1786.3;1787.1;1783.8;1.9000244
110122021;1;12/10/2021;1782.9;1785.4;1769.1;9.099976
109122021;1;12/09/2021;1774.6;1783.5;1771.8;-8.900024
108122021;1;12/08/2021;1783.4;1789.9;1779.0;-6.5
107122021;1;12/07/2021;1782.6;1786.1;1772.3;3.0999756
106122021;1;12/06/2021;1777.5;1783.0;1777.2;-2.6999512
103122021;1;12/03/2021;1782.0;1785.1;1766.5;14.5
102122021;1;12/02/2021;1760.7;1780.9;1760.6;-20.200073
101122021;1;12/01/2021;1781.6;1790.5;1772.3;6.7999268
130112021;1;11/30/2021;1773.6;1808.1;1768.7;-10.300049
129112021;1;11/29/2021;1782.3;1798.9;1779.1;-9.399902
126112021;1;11/26/2021;1785.3;1791.4;1785.3;-5.7999268
124112021;1;11/24/2021;1784.1;1793.0;1781.4;-8.900024
123112021;1;11/23/2021;1783.5;1795.5;1783.5;-12.0
122112021;1;11/22/2021;1806.0;1841.6;1805.7;-35.599976
119112021;1;11/19/2021;1851.2;1851.2;1851.2;0.0
118112021;1;11/18/2021;1861.0;1861.0;1861.0;0.0
117112021;1;11/17/2021;1869.7;1869.7;1862.6;7.0999756
116112021;1;11/16/2021;1853.6;1853.6;1853.6;0.0
115112021;1;11/15/2021;1866.1;1866.9;1864.5;1.5999756
112112021;1;11/12/2021;1867.9;1867.9;1847.6;7.0999756
111112021;1;11/11/2021;1863.2;1866.5;1853.9;9.299927
110112021;1;11/10/2021;1847.6;1865.0;1824.9;21.799927
109112021;1;11/09/2021;1830.2;1832.7;1820.7;4.0999756
108112021;1;11/08/2021;1827.4;1827.4;1816.9;10.400024
105112021;1;11/05/2021;1816.4;1817.1;1794.9;21.5
104112021;1;11/04/2021;1793.0;1798.2;1776.2;16.400024
103112021;1;11/03/2021;1763.6;1768.0;1761.8;-4.4000244
102112021;1;11/02/2021;1788.7;1795.5;1787.7;-1.8000488
101112021;1;11/01/2021;1795.1;1795.1;1786.7;7.5999756
129102021;1;10/29/2021;1783.0;1797.0;1774.6;-10.099976
128102021;1;10/28/2021;1801.6;1807.3;1795.5;6.0999756
127102021;1;10/27/2021;1797.9;1798.1;1791.5;6.4000244
126102021;1;10/26/2021;1792.7;1808.8;1788.6;-16.100098
125102021;1;10/25/2021;1806.0;1809.0;1794.0;11.699951
122102021;1;10/22/2021;1795.5;1806.9;1784.0;8.400024
121102021;1;10/21/2021;1781.2;1785.7;1781.0;-0.8000488
120102021;1;10/20/2021;1784.1;1785.6;1774.0;9.5
119102021;1;10/19/2021;1769.7;1785.0;1767.5;-7.9000244
118102021;1;10/18/2021;1764.8;1770.1;1759.5;3.2000732
115102021;1;10/15/2021;1767.2;1795.4;1766.6;-27.300049
114102021;1;10/14/2021;1796.7;1799.9;1792.0;4.5
113102021;1;10/13/2021;1793.7;1794.5;1760.8;32.899902
112102021;1;10/12/2021;1758.3;1768.0;1749.8;6.4000244
111102021;1;10/11/2021;1754.6;1757.8;1752.2;-2.0
108102021;1;10/08/2021;1756.3;1780.0;1754.2;-0.6999512
107102021;1;10/07/2021;1757.9;1762.4;1752.8;-4.5
106102021;1;10/06/2021;1760.5;1762.9;1744.7;1.1999512
105102021;1;10/05/2021;1759.6;1764.3;1749.0;-4.7000732
104102021;1;10/04/2021;1766.2;1768.9;1749.5;1.6999512
101102021;1;10/01/2021;1757.0;1762.6;1748.5;2.6999512
130092021;1;09/30/2021;1755.3;1760.3;1724.5;29.800049
129092021;1;09/29/2021;1721.5;1744.1;1721.4;-10.900024
128092021;1;09/28/2021;1735.8;1741.7;1726.8;-3.7999268
127092021;1;09/27/2021;1750.0;1754.4;1747.5;-1.6999512
124092021;1;09/24/2021;1749.7;1749.7;1745.0;0.0
123092021;1;09/23/2021;1747.7;1766.8;1738.2;-19.100098
122092021;1;09/22/2021;1776.7;1784.3;1767.0;0.0
121092021;1;09/21/2021;1776.0;1776.0;1759.0;13.800049
120092021;1;09/20/2021;1761.8;1761.8;1750.9;10.0
117092021;1;09/17/2021;1749.4;1763.0;1749.4;-9.400024
116092021;1;09/16/2021;1754.6;1792.9;1743.9;-38.30005
115092021;1;09/15/2021;1792.4;1803.7;1792.4;-11.299927
114092021;1;09/14/2021;1804.7;1806.2;1783.0;13.299927
113092021;1;09/13/2021;1792.0;1796.0;1784.0;2.1999512
110092021;1;09/10/2021;1789.6;1789.6;1789.6;0.0
109092021;1;09/09/2021;1797.4;1798.7;1787.9;-1.2999268
108092021;1;09/08/2021;1790.7;1790.7;1781.7;9.0
107092021;1;09/07/2021;1795.9;1825.7;1792.7;-29.799927
103092021;1;09/03/2021;1830.9;1833.9;1818.9;10.0
102092021;1;09/02/2021;1808.7;1813.9;1806.8;-4.5
101092021;1;09/01/2021;1813.1;1815.9;1809.5;-0.4000244
131082021;1;08/31/2021;1815.0;1815.9;1801.1;-0.9000244
130082021;1;08/30/2021;1809.0;1820.3;1807.8;-9.199951
127082021;1;08/27/2021;1816.6;1816.6;1803.1;13.199951
126082021;1;08/26/2021;1792.2;1792.2;1781.0;4.7999268
125082021;1;08/25/2021;1788.2;1792.9;1784.0;-3.8000488
124082021;1;08/24/2021;1805.6;1805.6;1801.0;4.5999756
123082021;1;08/23/2021;1803.2;1804.8;1776.8;26.399902
120082021;1;08/20/2021;1781.0;1787.5;1778.2;-3.0999756
119082021;1;08/19/2021;1780.2;1789.3;1775.5;0.19995117
118082021;1;08/18/2021;1781.6;1791.5;1779.0;-6.2000732
117082021;1;08/17/2021;1785.0;1794.2;1780.0;-2.6999512
116082021;1;08/16/2021;1786.9;1787.8;1771.9;10.0
113082021;1;08/13/2021;1775.2;1777.3;1757.4;16.899902
112082021;1;08/12/2021;1749.0;1752.4;1745.5;-0.6999512
111082021;1;08/11/2021;1750.4;1752.2;1727.3;23.099976
110082021;1;08/10/2021;1728.8;1735.2;1720.1;0.20007324
109082021;1;08/09/2021;1723.4;1753.8;1692.6;-30.099976
106082021;1;08/06/2021;1760.0;1800.1;1758.4;-39.80005
105082021;1;08/05/2021;1805.1;1813.7;1796.0;-5.7000732
104082021;1;08/04/2021;1810.5;1831.3;1806.3;1.1999512
103082021;1;08/03/2021;1810.1;1813.5;1806.0;-2.2000732
102082021;1;08/02/2021;1818.1;1818.7;1804.8;5.699951
130072021;1;07/30/2021;1812.6;1830.5;1808.9;-15.400024
129072021;1;07/29/2021;1831.2;1832.6;1806.1;24.599976
128072021;1;07/28/2021;1799.5;1799.5;1799.5;0.0
127072021;1;07/27/2021;1799.5;1803.7;1799.5;-4.199951
126072021;1;07/26/2021;1798.7;1802.5;1797.2;-3.8000488
123072021;1;07/23/2021;1801.4;1801.4;1800.0;1.4000244
122072021;1;07/22/2021;1805.0;1805.0;1793.6;11.400024
121072021;1;07/21/2021;1802.9;1807.0;1800.0;-4.0999756
120072021;1;07/20/2021;1810.9;1824.0;1810.9;-2.0
119072021;1;07/19/2021;1808.7;1813.4;1803.3;5.3999023
116072021;1;07/16/2021;1814.5;1831.4;1814.5;-15.599976
115072021;1;07/15/2021;1828.4;1833.0;1823.4;-3.1999512
114072021;1;07/14/2021;1824.3;1829.0;1813.1;11.200073
113072021;1;07/13/2021;1809.4;1812.0;1800.6;1.3000488
112072021;1;07/12/2021;1805.5;1805.5;1799.5;2.9000244
109072021;1;07/09/2021;1810.0;1810.1;1798.8;6.4000244
108072021;1;07/08/2021;1799.6;1818.5;1797.0;2.5999756
107072021;1;07/07/2021;1801.5;1808.4;1797.2;2.8000488
106072021;1;07/06/2021;1793.5;1809.8;1786.7;6.800049
102072021;1;07/02/2021;1782.6;1787.9;1778.3;3.9000244
101072021;1;07/01/2021;1775.9;1781.2;1768.8;0.20007324
130062021;1;06/30/2021;1770.8;1770.8;1759.2;9.700073
129062021;1;06/29/2021;1762.8;1777.1;1752.1;-14.0
128062021;1;06/28/2021;1779.6;1779.6;1779.6;0.0
125062021;1;06/25/2021;1776.6;1788.0;1775.2;-1.0999756
124062021;1;06/24/2021;1775.6;1786.4;1775.6;-3.3000488
123062021;1;06/23/2021;1782.3;1793.2;1780.6;1.6000977
122062021;1;06/22/2021;1776.3;1786.9;1775.9;-7.0999756
121062021;1;06/21/2021;1781.8;1785.2;1766.8;13.0
118062021;1;06/18/2021;1767.9;1792.4;1767.9;-7.7999268
117062021;1;06/17/2021;1773.8;1823.3;1769.6;-38.0
116062021;1;06/16/2021;1859.5;1860.1;1809.2;0.099975586
115062021;1;06/15/2021;1854.5;1867.2;1854.4;-11.900024
114062021;1;06/14/2021;1864.0;1866.6;1846.5;-2.1999512
111062021;1;06/11/2021;1877.4;1902.3;1875.2;-23.5
110062021;1;06/10/2021;1894.2;1899.8;1871.5;6.5
109062021;1;06/09/2021;1893.2;1897.7;1889.2;-1.7000732
108062021;1;06/08/2021;1892.2;1902.9;1890.0;-4.300049
107062021;1;06/07/2021;1896.8;1899.7;1883.2;6.300049
104062021;1;06/04/2021;1889.8;1895.5;1854.0;20.5
103062021;1;06/03/2021;1871.2;1908.8;1865.0;-37.600098
102062021;1;06/02/2021;1907.5;1908.8;1896.0;8.300049
101062021;1;06/01/2021;1902.9;1916.2;1892.8;-2.1999512
128052021;1;05/28/2021;1902.5;1905.4;1881.9;5.0
127052021;1;05/27/2021;1895.7;1903.9;1888.2;-1.1000977
126052021;1;05/26/2021;1901.3;1901.3;1901.3;0.0
125052021;1;05/25/2021;1898.1;1898.1;1882.5;15.599976
124052021;1;05/24/2021;1884.6;1884.6;1882.1;2.5
121052021;1;05/21/2021;1876.7;1876.7;1872.1;4.5999756
120052021;1;05/20/2021;1881.8;1885.0;1864.8;16.300049
119052021;1;05/19/2021;1881.3;1884.9;1863.6;14.900024
118052021;1;05/18/2021;1867.8;1870.5;1867.8;-2.6999512
117052021;1;05/17/2021;1867.5;1867.5;1847.2;17.599976
114052021;1;05/14/2021;1837.9;1842.9;1824.5;13.400024
113052021;1;05/13/2021;1823.8;1826.8;1814.1;9.100098
112052021;1;05/12/2021;1822.6;1825.2;1821.7;-2.5999756
111052021;1;05/11/2021;1835.9;1838.1;1831.6;-1.2999268
110052021;1;05/10/2021;1837.5;1845.6;1835.4;1.9000244
107052021;1;05/07/2021;1831.1;1842.9;1831.1;-11.800049
106052021;1;05/06/2021;1815.5;1815.5;1787.6;26.599976
105052021;1;05/05/2021;1784.1;1784.1;1779.2;2.5999756
104052021;1;05/04/2021;1775.8;1788.5;1774.8;-12.399902
103052021;1;05/03/2021;1791.4;1793.0;1788.5;2.9000244
130042021;1;04/30/2021;1767.3;1771.8;1763.9;-4.5
129042021;1;04/29/2021;1768.1;1789.0;1758.6;-12.900024
128042021;1;04/28/2021;1773.2;1774.0;1764.6;5.0
127042021;1;04/27/2021;1778.0;1782.0;1777.7;-2.0
126042021;1;04/26/2021;1779.2;1779.7;1770.8;1.1999512
123042021;1;04/23/2021;1777.0;1794.5;1772.0;-9.099976
122042021;1;04/22/2021;1781.2;1794.2;1779.5;-13.0
121042021;1;04/21/2021;1792.3;1794.1;1777.7;9.300049
120042021;1;04/20/2021;1777.3;1777.3;1765.5;8.0
119042021;1;04/19/2021;1769.4;1788.5;1769.4;-12.699951
116042021;1;04/16/2021;1779.0;1779.5;1770.1;8.599976
115042021;1;04/15/2021;1765.4;1767.9;1740.1;25.300049
114042021;1;04/14/2021;1734.9;1745.9;1732.7;-6.4000244
113042021;1;04/13/2021;1746.2;1746.9;1722.1;12.399902
112042021;1;04/12/2021;1731.2;1740.8;1726.7;-9.600098
109042021;1;04/09/2021;1743.3;1750.8;1733.3;-7.5
108042021;1;04/08/2021;1756.8;1758.0;1734.6;20.800049
107042021;1;04/07/2021;1740.1;1742.7;1733.7;-2.5999756
106042021;1;04/06/2021;1741.5;1744.8;1726.9;14.599976
105042021;1;04/05/2021;1727.0;1729.7;1721.9;-0.9000244
101042021;1;04/01/2021;1726.5;1728.8;1706.4;19.699951
131032021;1;03/31/2021;1713.8;1713.8;1676.5;30.100098
130032021;1;03/30/2021;1683.9;1712.6;1676.5;-27.099976
129032021;1;03/29/2021;1712.1;1712.1;1712.1;0.0
126032021;1;03/26/2021;1732.2;1732.2;1721.3;10.899902
125032021;1;03/25/2021;1724.9;1733.2;1724.5;-7.7999268
124032021;1;03/24/2021;1732.9;1732.9;1727.5;5.4000244
123032021;1;03/23/2021;1724.7;1724.7;1724.7;0.0
122032021;1;03/22/2021;1737.8;1737.8;1737.8;0.0
119032021;1;03/19/2021;1741.4;1742.2;1733.6;-0.79992676
118032021;1;03/18/2021;1732.2;1750.3;1721.8;-13.600098
117032021;1;03/17/2021;1726.8;1750.1;1725.6;-8.5
116032021;1;03/16/2021;1730.6;1733.9;1726.0;-1.7000732
115032021;1;03/15/2021;1728.9;1731.9;1722.8;-0.5999756
112032021;1;03/12/2021;1719.5;1722.5;1699.0;3.5999756
111032021;1;03/11/2021;1722.3;1737.5;1720.2;-3.2999268
110032021;1;03/10/2021;1721.5;1722.9;1711.0;7.9000244
109032021;1;03/09/2021;1716.6;1717.5;1685.2;30.400024
108032021;1;03/08/2021;1677.7;1705.4;1673.7;-27.0
105032021;1;03/05/2021;1698.0;1701.0;1685.0;7.4000244
104032021;1;03/04/2021;1700.2;1717.4;1700.2;-6.300049
103032021;1;03/03/2021;1715.3;1732.4;1703.5;-14.699951
102032021;1;03/02/2021;1733.1;1733.1;1708.7;23.699951
101032021;1;03/01/2021;1722.5;1747.0;1720.3;-14.599976
126022021;1;02/26/2021;1728.1;1768.2;1718.8;-40.0
125022021;1;02/25/2021;1774.4;1802.0;1766.7;-27.099976
124022021;1;02/24/2021;1796.4;1805.8;1796.4;-9.400024
123022021;1;02/23/2021;1804.4;1811.3;1796.4;-5.199951
122022021;1;02/22/2021;1806.7;1807.8;1784.0;22.699951
119022021;1;02/19/2021;1775.8;1787.6;1764.3;11.5
118022021;1;02/18/2021;1773.4;1784.6;1766.0;-2.6999512
117022021;1;02/17/2021;1771.1;1789.7;1768.8;-14.700073
116022021;1;02/16/2021;1797.2;1823.4;1787.3;-23.700073
112022021;1;02/12/2021;1821.6;1827.5;1809.2;-3.4000244
111022021;1;02/11/2021;1824.9;1845.0;1820.9;-15.599976
110022021;1;02/10/2021;1840.6;1851.1;1837.0;-2.0
109022021;1;02/09/2021;1835.3;1843.3;1830.7;-6.5999756
108022021;1;02/08/2021;1831.9;1836.7;1809.0;15.599976
105022021;1;02/05/2021;1810.9;1813.5;1790.9;16.599976
104022021;1;02/04/2021;1788.9;1832.2;1782.8;-43.299927
103022021;1;02/03/2021;1832.2;1842.4;1829.8;-2.6000977
102022021;1;02/02/2021;1830.5;1861.3;1827.6;-29.099976
101022021;1;02/01/2021;1860.8;1871.9;1850.0;-5.7999268
129012021;1;01/29/2021;1847.3;1876.0;1838.7;5.300049
128012021;1;01/28/2021;1837.9;1862.9;1831.5;-5.5
127012021;1;01/27/2021;1844.9;1844.9;1844.9;0.0
126012021;1;01/26/2021;1850.7;1855.8;1850.7;-5.1000977
125012021;1;01/25/2021;1854.9;1864.7;1851.8;-9.799927
122012021;1;01/22/2021;1855.7;1855.7;1852.7;0.79992676
121012021;1;01/21/2021;1865.3;1868.0;1865.3;0.0
120012021;1;01/20/2021;1865.9;1866.6;1844.4;18.099976
119012021;1;01/19/2021;1839.5;1842.9;1802.0;37.5
115012021;1;01/15/2021;1829.3;1829.4;1825.0;-0.099975586
114012021;1;01/14/2021;1850.3;1850.7;1836.7;13.600098
113012021;1;01/13/2021;1853.6;1858.6;1853.6;-4.4000244
112012021;1;01/12/2021;1842.9;1859.7;1839.4;-6.0999756
111012021;1;01/11/2021;1849.6;1849.6;1826.5;23.099976
108012021;1;01/08/2021;1834.1;1908.0;1834.1;-73.900024
107012021;1;01/07/2021;1912.3;1926.7;1912.0;-10.299927
106012021;1;01/06/2021;1906.9;1959.9;1901.5;-45.099976
105012021;1;01/05/2021;1952.7;1952.7;1941.3;11.0
104012021;1;01/04/2021;1944.7;1945.1;1912.2;32.5
131122020;1;12/31/2020;1893.1;1901.3;1892.7;-3.9000244
130122020;1;12/30/2020;1891.0;1895.8;1877.3;11.099976
129122020;1;12/29/2020;1879.7;1881.3;1879.7;-1.6000977
128122020;1;12/28/2020;1877.2;1895.8;1873.7;-18.300049
124122020;1;12/24/2020;1879.9;1879.9;1875.7;2.5999756
123122020;1;12/23/2020;1874.7;1878.8;1864.5;7.699951
122122020;1;12/22/2020;1866.6;1882.2;1861.0;-15.599976
121122020;1;12/21/2020;1879.2;1908.0;1869.1;-5.6000977
118122020;1;12/18/2020;1885.7;1889.5;1882.3;3.2999268
117122020;1;12/17/2020;1887.2;1896.2;1874.2;13.0
116122020;1;12/16/2020;1856.1;1864.7;1850.5;-0.4000244
115122020;1;12/15/2020;1852.3;1853.6;1833.2;18.800049
114122020;1;12/14/2020;1828.7;1835.7;1822.7;-6.800049
111122020;1;12/11/2020;1839.8;1846.0;1829.1;1.3000488
110122020;1;12/10/2020;1833.6;1849.1;1828.0;0.4000244
109122020;1;12/09/2020;1834.6;1867.1;1827.0;-32.5
108122020;1;12/08/2020;1870.8;1875.8;1861.8;7.800049
107122020;1;12/07/2020;1861.8;1866.9;1820.8;25.300049
104122020;1;12/04/2020;1835.9;1847.6;1828.2;-4.7999268
103122020;1;12/03/2020;1836.8;1842.0;1825.3;7.6000977
102122020;1;12/02/2020;1825.7;1830.0;1807.8;14.399902
101122020;1;12/01/2020;1814.1;1815.9;1774.9;39.099976
130112020;1;11/30/2020;1775.7;1787.2;1762.3;-9.300049
127112020;1;11/27/2020;1781.9;1817.0;1770.7;-24.199951
125112020;1;11/25/2020;1805.7;1805.7;1801.4;4.2999268
124112020;1;11/24/2020;1804.8;1829.3;1799.3;-24.5
123112020;1;11/23/2020;1837.8;1837.8;1829.2;3.0
120112020;1;11/20/2020;1872.6;1872.6;1871.2;1.4000244
119112020;1;11/19/2020;1861.1;1865.8;1856.0;-4.7000732
118112020;1;11/18/2020;1873.5;1873.5;1873.5;0.0
117112020;1;11/17/2020;1884.5;1888.4;1884.5;-3.9000244
116112020;1;11/16/2020;1887.3;1887.3;1871.0;12.700073
113112020;1;11/13/2020;1885.7;1890.1;1876.8;8.699951
112112020;1;11/12/2020;1872.6;1878.5;1866.6;3.5999756
111112020;1;11/11/2020;1860.7;1878.8;1855.5;-18.100098
110112020;1;11/10/2020;1875.4;1885.3;1871.2;-3.9000244
109112020;1;11/09/2020;1853.2;1963.2;1847.1;-102.400024
106112020;1;11/06/2020;1950.3;1958.8;1940.8;9.5
105112020;1;11/05/2020;1945.3;1948.0;1901.7;43.600098
104112020;1;11/04/2020;1894.6;1907.0;1885.3;0.79992676
103112020;1;11/03/2020;1908.5;1908.5;1891.5;17.0
102112020;1;11/02/2020;1890.4;1894.7;1872.9;17.5
130102020;1;10/30/2020;1877.4;1886.6;1862.8;14.599976
129102020;1;10/29/2020;1865.6;1879.8;1858.8;-10.5
128102020;1;10/28/2020;1876.2;1876.2;1870.9;5.2999268
127102020;1;10/27/2020;1908.8;1908.8;1904.4;4.2000732
126102020;1;10/26/2020;1902.7;1907.0;1893.5;7.199951
123102020;1;10/23/2020;1902.0;1913.3;1896.2;2.0999756
122102020;1;10/22/2020;1901.1;1924.3;1898.2;-23.200073
121102020;1;10/21/2020;1924.6;1927.3;1913.6;11.0
120102020;1;10/20/2020;1910.4;1910.4;1896.1;9.099976
119102020;1;10/19/2020;1906.4;1907.8;1899.5;-0.9000244
116102020;1;10/16/2020;1900.8;1900.8;1898.5;2.3000488
115102020;1;10/15/2020;1903.2;1906.3;1889.6;5.8999023
114102020;1;10/14/2020;1901.3;1910.8;1882.5;11.600098
113102020;1;10/13/2020;1888.5;1922.2;1887.0;-33.400024
112102020;1;10/12/2020;1922.5;1926.5;1921.6;-1.5
109102020;1;10/09/2020;1919.5;1929.1;1905.1;10.199951
108102020;1;10/08/2020;1888.6;1893.0;1882.7;-4.4000244
107102020;1;10/07/2020;1883.6;1889.8;1873.1;9.5
106102020;1;10/06/2020;1901.1;1918.0;1874.4;-5.5
105102020;1;10/05/2020;1912.5;1915.6;1884.7;13.599976
102102020;1;10/02/2020;1900.2;1913.0;1893.9;6.2999268
101102020;1;10/01/2020;1908.4;1909.6;1882.5;24.300049
130092020;1;09/30/2020;1887.5;1899.7;1879.8;-5.5
129092020;1;09/29/2020;1894.3;1895.4;1872.4;17.800049
128092020;1;09/28/2020;1872.8;1872.8;1872.8;0.0
125092020;1;09/25/2020;1857.7;1857.7;1856.3;1.3999023
124092020;1;09/24/2020;1868.3;1868.3;1851.5;16.800049
123092020;1;09/23/2020;1859.9;1875.5;1859.9;-15.599976
122092020;1;09/22/2020;1898.6;1913.1;1898.6;-14.5
121092020;1;09/21/2020;1901.2;1946.2;1883.4;-45.0
118092020;1;09/18/2020;1952.1;1952.1;1949.0;1.5999756
117092020;1;09/17/2020;1940.0;1946.0;1933.7;1.0
116092020;1;09/16/2020;1960.2;1961.4;1956.7;-1.1000977
115092020;1;09/15/2020;1956.3;1968.5;1955.8;0.5
114092020;1;09/14/2020;1953.1;1953.1;1943.0;6.7999268
111092020;1;09/11/2020;1937.8;1949.5;1937.8;-6.199951
110092020;1;09/10/2020;1954.2;1962.7;1944.1;10.099976
109092020;1;09/09/2020;1944.7;1946.2;1924.6;17.799927
108092020;1;09/08/2020;1933.0;1937.9;1903.1;2.0999756
104092020;1;09/04/2020;1923.9;1939.7;1917.7;-4.0
103092020;1;09/03/2020;1927.6;1938.8;1923.0;-9.5
102092020;1;09/02/2020;1934.4;1967.3;1934.4;-32.900024
101092020;1;09/01/2020;1968.2;1986.3;1961.7;6.5
131082020;1;08/31/2020;1967.6;1971.3;1953.3;-2.4000244
128082020;1;08/28/2020;1964.6;1971.3;1922.5;37.5
127082020;1;08/27/2020;1921.6;1972.5;1921.6;-27.300049
126082020;1;08/26/2020;1940.7;1950.8;1909.7;31.0
125082020;1;08/25/2020;1911.8;1928.5;1911.8;-15.699951
124082020;1;08/24/2020;1927.7;1940.0;1922.2;-2.5
121082020;1;08/21/2020;1934.6;1945.0;1908.9;-6.4000244
120082020;1;08/20/2020;1933.8;1948.3;1922.3;-7.3999023
119082020;1;08/19/2020;1958.7;1980.0;1938.7;-21.300049
118082020;1;08/18/2020;1999.4;2002.8;1972.1;-1.6999512
117082020;1;08/17/2020;1985.0;1985.0;1949.6;35.400024
114082020;1;08/14/2020;1937.0;1947.4;1937.0;-1.6999512
113082020;1;08/13/2020;1956.7;1957.4;1916.9;35.19995
112082020;1;08/12/2020;1934.9;1946.6;1871.6;11.900024
111082020;1;08/11/2020;1932.6;2016.0;1904.0;-79.80005
110082020;1;08/10/2020;2024.4;2043.8;2017.5;-2.0
107082020;1;08/07/2020;2010.1;2055.0;2009.6;-30.0
106082020;1;08/06/2020;2051.5;2063.0;2040.0;6.0
105082020;1;08/05/2020;2031.1;2050.2;2011.0;7.0999756
104082020;1;08/04/2020;2001.2;2016.2;1968.8;30.199951
103082020;1;08/03/2020;1966.0;1984.3;1955.5;-18.300049
131072020;1;07/31/2020;1962.8;1981.1;1948.0;14.200073
130072020;1;07/30/2020;1942.3;1965.1;1930.0;-21.099976
129072020;1;07/29/2020;1953.5;1953.5;1952.6;0.30004883
128072020;1;07/28/2020;1944.7;1944.7;1928.6;13.199951
127072020;1;07/27/2020;1931.0;1938.0;1901.5;29.300049
124072020;1;07/24/2020;1897.3;1897.3;1884.3;13.0
123072020;1;07/23/2020;1889.1;1890.3;1868.5;20.400024
122072020;1;07/22/2020;1864.1;1867.0;1854.7;6.0
121072020;1;07/21/2020;1842.4;1842.4;1822.0;20.400024
120072020;1;07/20/2020;1815.9;1817.3;1807.0;8.900024
117072020;1;07/17/2020;1808.3;1810.1;1798.5;9.800049
116072020;1;07/16/2020;1798.7;1810.9;1794.3;-12.200073
115072020;1;07/15/2020;1811.4;1813.5;1806.1;5.300049
114072020;1;07/14/2020;1810.6;1811.5;1791.0;19.599976
113072020;1;07/13/2020;1811.0;1811.0;1805.0;6.0
110072020;1;07/10/2020;1798.2;1805.5;1797.7;-7.300049
109072020;1;07/09/2020;1799.2;1819.8;1799.2;-16.900024
108072020;1;07/08/2020;1815.5;1817.9;1801.5;14.0
107072020;1;07/07/2020;1804.2;1804.2;1783.3;14.899902
106072020;1;07/06/2020;1788.5;1790.1;1788.2;0.30004883
102072020;1;07/02/2020;1784.0;1784.0;1768.7;10.599976
101072020;1;07/01/2020;1773.2;1798.0;1765.8;-20.400024
130062020;1;06/30/2020;1793.0;1793.2;1774.4;15.699951
129062020;1;06/29/2020;1774.8;1780.2;1774.3;-5.0
126062020;1;06/26/2020;1772.5;1772.5;1764.7;6.5
125062020;1;06/25/2020;1762.1;1764.8;1759.8;0.4000244
124062020;1;06/24/2020;1765.8;1783.1;1764.5;-12.5
123062020;1;06/23/2020;1772.1;1776.3;1754.2;16.699951
122062020;1;06/22/2020;1756.7;1767.6;1750.5;1.5
119062020;1;06/19/2020;1745.9;1750.7;1723.5;22.200073
118062020;1;06/18/2020;1724.8;1734.1;1717.3;-5.699951
117062020;1;06/17/2020;1729.2;1729.2;1714.7;14.5
116062020;1;06/16/2020;1729.6;1729.6;1722.4;3.2999268
115062020;1;06/15/2020;1720.3;1730.0;1703.3;-9.699951
112062020;1;06/12/2020;1729.3;1743.0;1724.9;4.4000244
111062020;1;06/11/2020;1732.0;1744.1;1720.0;-5.199951
110062020;1;06/10/2020;1713.3;1740.8;1711.9;-2.7999268
109062020;1;06/09/2020;1714.7;1720.9;1692.0;20.099976
108062020;1;06/08/2020;1698.3;1699.4;1675.9;19.200073
105062020;1;06/05/2020;1676.2;1711.8;1668.6;-35.600098
104062020;1;06/04/2020;1718.9;1718.9;1694.5;24.400024
103062020;1;06/03/2020;1697.8;1726.3;1684.5;-28.5
102062020;1;06/02/2020;1725.2;1745.5;1721.8;-17.800049
101062020;1;06/01/2020;1737.8;1747.0;1727.1;-2.5999756
129052020;1;05/29/2020;1736.9;1738.3;1715.1;18.099976
128052020;1;05/28/2020;1713.3;1727.8;1705.0;4.0
127052020;1;05/27/2020;1710.3;1710.3;1685.6;24.700073
126052020;1;05/26/2020;1704.8;1726.4;1704.8;-21.599976
122052020;1;05/22/2020;1734.6;1734.6;1726.6;8.0
121052020;1;05/21/2020;1720.5;1746.8;1720.5;-26.300049
120052020;1;05/20/2020;1750.6;1752.1;1745.6;-1.0
119052020;1;05/19/2020;1744.2;1749.5;1744.2;0.0
118052020;1;05/18/2020;1731.8;1770.5;1731.8;-23.899902
115052020;1;05/15/2020;1753.4;1753.4;1739.7;13.700073
114052020;1;05/14/2020;1738.1;1743.1;1720.5;13.799927
113052020;1;05/13/2020;1713.9;1721.3;1701.9;11.900024
112052020;1;05/12/2020;1704.4;1713.1;1699.3;5.0999756
111052020;1;05/11/2020;1695.3;1704.5;1690.2;-7.0
108052020;1;05/08/2020;1709.9;1728.9;1703.8;-16.299927
107052020;1;05/07/2020;1721.8;1721.8;1685.6;35.600098
106052020;1;05/06/2020;1684.2;1704.0;1684.2;-19.800049
105052020;1;05/05/2020;1704.4;1704.4;1697.2;2.9000244
104052020;1;05/04/2020;1706.9;1709.0;1699.6;4.300049
101052020;1;05/01/2020;1694.5;1701.5;1670.5;7.9000244
130042020;1;04/30/2020;1684.2;1719.3;1680.8;-35.100098
129042020;1;04/29/2020;1703.4;1713.5;1702.0;-6.5999756
128042020;1;04/28/2020;1710.5;1716.6;1707.1;-6.0999756
127042020;1;04/27/2020;1711.9;1731.9;1711.9;-20.0
124042020;1;04/24/2020;1723.5;1744.0;1714.5;-20.5
123042020;1;04/23/2020;1733.3;1745.1;1733.3;-0.6999512
122042020;1;04/22/2020;1728.7;1728.7;1684.8;32.69995
121042020;1;04/21/2020;1678.2;1707.1;1659.9;-18.800049
120042020;1;04/20/2020;1701.6;1701.6;1680.0;15.599976
117042020;1;04/17/2020;1689.2;1725.0;1684.9;-26.5
116042020;1;04/16/2020;1720.4;1750.6;1715.0;-10.599976
115042020;1;04/15/2020;1727.2;1744.9;1722.7;-12.200073
114042020;1;04/14/2020;1756.7;1775.0;1739.5;-0.100097656
113042020;1;04/13/2020;1744.8;1756.8;1710.7;22.800049
109042020;1;04/09/2020;1736.2;1736.2;1662.7;73.5
108042020;1;04/08/2020;1665.4;1677.0;1662.5;-4.2999268
107042020;1;04/07/2020;1664.8;1724.4;1658.0;-30.899902
106042020;1;04/06/2020;1677.0;1696.7;1625.9;47.900024
103042020;1;04/03/2020;1633.7;1636.0;1619.8;9.199951
102042020;1;04/02/2020;1625.7;1631.2;1586.0;34.799927
101042020;1;04/01/2020;1578.2;1600.0;1570.0;8.199951
131032020;1;03/31/2020;1583.4;1621.0;1576.0;-35.299927
130032020;1;03/30/2020;1622.0;1652.8;1607.2;-19.199951
127032020;1;03/27/2020;1623.9;1623.9;1623.9;0.0
126032020;1;03/26/2020;1650.1;1660.5;1650.1;-10.400024
125032020;1;03/25/2020;1632.3;1676.5;1631.1;-44.19995
124032020;1;03/24/2020;1660.2;1685.5;1592.7;67.5
123032020;1;03/23/2020;1567.0;1567.0;1490.2;61.69995
120032020;1;03/20/2020;1484.0;1484.0;1483.5;0.5
119032020;1;03/19/2020;1478.6;1491.6;1471.0;-2.9000244
118032020;1;03/18/2020;1477.3;1542.0;1477.3;-60.19995
117032020;1;03/17/2020;1524.9;1537.7;1469.3;55.599976
116032020;1;03/16/2020;1485.9;1569.1;1452.1;-83.19995
113032020;1;03/13/2020;1515.7;1589.8;1513.8;-59.200073
112032020;1;03/12/2020;1589.3;1647.5;1566.4;-47.69995
111032020;1;03/11/2020;1641.4;1666.5;1635.0;-15.199951
110032020;1;03/10/2020;1659.1;1674.6;1643.0;-12.5
109032020;1;03/09/2020;1674.5;1701.6;1657.7;-21.599976
106032020;1;03/06/2020;1670.8;1686.2;1647.2;0.0
105032020;1;03/05/2020;1666.4;1672.9;1637.2;29.099976
104032020;1;03/04/2020;1641.1;1645.9;1631.3;-4.300049
103032020;1;03/03/2020;1642.1;1645.3;1594.0;47.599976
102032020;1;03/02/2020;1592.3;1608.3;1574.3;8.400024
128022020;1;02/28/2020;1564.1;1642.5;1564.1;-76.20007
127022020;1;02/27/2020;1640.0;1658.0;1638.5;-1.0999756
126022020;1;02/26/2020;1640.0;1648.1;1636.4;-4.0
125022020;1;02/25/2020;1646.9;1653.7;1632.3;1.8000488
124022020;1;02/24/2020;1672.4;1686.6;1650.0;15.400024
121022020;1;02/21/2020;1644.6;1645.0;1619.3;25.299927
120022020;1;02/20/2020;1616.6;1621.0;1603.0;10.099976
119022020;1;02/19/2020;1607.5;1610.5;1599.7;6.9000244
118022020;1;02/18/2020;1600.0;1604.3;1579.8;20.199951
114022020;1;02/14/2020;1582.7;1582.7;1574.8;6.8999023
113022020;1;02/13/2020;1575.1;1575.1;1570.2;4.9000244
112022020;1;02/12/2020;1567.4;1568.7;1561.0;2.2000732
111022020;1;02/11/2020;1565.6;1571.1;1561.9;-5.300049
110022020;1;02/10/2020;1574.7;1574.7;1568.6;5.3999023
107022020;1;02/07/2020;1568.6;1571.9;1560.5;3.6999512
106022020;1;02/06/2020;1565.1;1565.6;1551.6;11.5
105022020;1;02/05/2020;1557.8;1560.7;1547.7;4.6000977
104022020;1;02/04/2020;1550.4;1577.7;1547.8;-27.299927
103022020;1;02/03/2020;1577.2;1593.3;1568.2;-15.700073
131012020;1;01/31/2020;1582.9;1589.0;1570.0;9.5
130012020;1;01/30/2020;1583.5;1585.0;1571.4;6.699951
129012020;1;01/29/2020;1569.8;1569.8;1569.8;0.0
128012020;1;01/28/2020;1569.2;1576.4;1569.2;-7.2000732
127012020;1;01/27/2020;1576.8;1584.5;1576.8;-7.5
124012020;1;01/24/2020;1571.1;1571.1;1556.3;14.799927
123012020;1;01/23/2020;1564.6;1564.6;1552.2;11.5
122012020;1;01/22/2020;1555.3;1557.1;1549.8;5.5
121012020;1;01/21/2020;1556.4;1566.2;1551.0;-2.9000244
117012020;1;01/17/2020;1558.8;1558.8;1553.6;4.7000732
116012020;1;01/16/2020;1549.0;1556.1;1548.5;-6.699951
115012020;1;01/15/2020;1552.1;1553.9;1545.6;4.0999756
114012020;1;01/14/2020;1542.4;1546.7;1534.9;-4.2999268
113012020;1;01/13/2020;1548.4;1558.0;1548.4;-9.0
110012020;1;01/10/2020;1557.5;1558.8;1545.4;6.300049
109012020;1;01/09/2020;1551.7;1555.7;1543.3;-4.0
108012020;1;01/08/2020;1557.4;1604.2;1552.3;-22.299927
107012020;1;01/07/2020;1571.8;1576.3;1558.3;13.5
106012020;1;01/06/2020;1566.2;1580.0;1560.4;-13.800049
103012020;1;01/03/2020;1549.2;1552.7;1530.1;19.099976
102012020;1;01/02/2020;1524.5;1528.7;1518.0;6.4000244
131122019;1;12/31/2019;1519.5;1523.4;1513.8;5.699951
130122019;1;12/30/2019;1514.5;1515.1;1510.0;1.9000244
127122019;1;12/27/2019;1513.8;1513.8;1513.8;0.0
126122019;1;12/26/2019;1509.3;1512.3;1505.0;4.1000977
124122019;1;12/24/2019;1499.1;1499.1;1488.7;10.400024
123122019;1;12/23/2019;1482.5;1482.5;1479.9;0.19995117
120122019;1;12/20/2019;1474.7;1478.1;1474.7;-2.0
119122019;1;12/19/2019;1478.2;1478.9;1473.3;2.2999268
118122019;1;12/18/2019;1472.6;1472.6;1472.6;0.0
117122019;1;12/17/2019;1474.6;1476.9;1474.0;0.5
116122019;1;12/16/2019;1475.0;1475.3;1473.8;1.1999512
113122019;1;12/13/2019;1475.6;1475.9;1463.1;12.5
112122019;1;12/12/2019;1466.7;1483.9;1463.7;-8.400024
111122019;1;12/11/2019;1469.4;1475.4;1463.1;6.300049
110122019;1;12/10/2019;1462.6;1467.2;1460.7;1.9000244
109122019;1;12/09/2019;1459.3;1464.2;1458.6;0.5
106122019;1;12/06/2019;1459.1;1476.0;1458.2;-15.900024
105122019;1;12/05/2019;1476.9;1478.0;1472.3;2.2000732
104122019;1;12/04/2019;1474.0;1483.4;1471.2;-3.5
103122019;1;12/03/2019;1478.2;1480.4;1459.5;16.599976
102122019;1;12/02/2019;1462.3;1464.4;1453.3;-0.5
129112019;1;11/29/2019;1465.6;1465.6;1452.1;12.0
127112019;1;11/27/2019;1453.4;1461.9;1452.0;-7.699951
126112019;1;11/26/2019;1459.8;1459.8;1459.8;0.0
125112019;1;11/25/2019;1456.6;1457.1;1455.5;-0.5
122112019;1;11/22/2019;1463.1;1468.6;1463.1;-5.5
121112019;1;11/21/2019;1463.1;1463.1;1463.1;0.0
120112019;1;11/20/2019;1473.3;1474.5;1467.3;0.70007324
119112019;1;11/19/2019;1473.3;1474.3;1467.7;5.6000977
118112019;1;11/18/2019;1470.9;1472.0;1469.7;-1.0999756
115112019;1;11/15/2019;1467.3;1469.1;1467.3;-1.7999268
114112019;1;11/14/2019;1471.8;1471.8;1463.7;8.0
113112019;1;11/13/2019;1461.7;1463.3;1456.8;4.8999023
112112019;1;11/12/2019;1452.1;1454.9;1447.1;-2.8000488
111112019;1;11/11/2019;1455.5;1461.0;1449.3;-5.5
108112019;1;11/08/2019;1461.3;1469.1;1461.3;-7.7999268
107112019;1;11/07/2019;1464.2;1489.1;1464.2;-24.900024
106112019;1;11/06/2019;1490.2;1491.0;1483.2;7.0
105112019;1;11/05/2019;1480.8;1507.1;1480.8;-26.299927
104112019;1;11/04/2019;1508.0;1511.6;1508.0;-3.5999756
101112019;1;11/01/2019;1508.0;1511.6;1503.0;-3.0
131102019;1;10/31/2019;1511.4;1513.1;1496.1;15.300049
130102019;1;10/30/2019;1493.2;1495.4;1481.0;6.0
129102019;1;10/29/2019;1487.0;1487.0;1485.9;1.0999756
128102019;1;10/28/2019;1490.0;1504.1;1490.0;-14.099976
125102019;1;10/25/2019;1499.5;1514.3;1499.0;-1.9000244
124102019;1;10/24/2019;1498.9;1501.2;1485.9;8.400024
123102019;1;10/23/2019;1489.9;1490.3;1486.4;3.5
122102019;1;10/22/2019;1481.7;1483.5;1481.7;-1.7000732
121102019;1;10/21/2019;1482.4;1489.9;1481.5;-7.5
118102019;1;10/18/2019;1488.2;1489.1;1486.6;0.89990234
117102019;1;10/17/2019;1492.3;1493.2;1485.8;6.1000977
116102019;1;10/16/2019;1488.0;1488.0;1480.0;6.0
115102019;1;10/15/2019;1477.6;1495.4;1476.6;-11.300049
114102019;1;10/14/2019;1491.7;1493.5;1481.3;7.2999268
111102019;1;10/11/2019;1482.7;1494.9;1476.9;-9.200073
110102019;1;10/10/2019;1494.8;1511.2;1490.6;-16.399902
109102019;1;10/09/2019;1506.1;1507.7;1498.4;-1.5999756
108102019;1;10/08/2019;1497.2;1506.3;1489.3;7.7999268
107102019;1;10/07/2019;1497.7;1505.8;1489.1;-7.1000977
104102019;1;10/04/2019;1506.2;1508.7;1497.1;0.5999756
103102019;1;10/03/2019;1507.1;1518.2;1496.6;9.699951
102102019;1;10/02/2019;1501.0;1503.7;1474.1;24.400024
101102019;1;10/01/2019;1482.0;1485.5;1458.3;13.300049
130092019;1;09/30/2019;1465.7;1495.9;1463.5;-30.200073
127092019;1;09/27/2019;1499.1;1506.1;1485.6;-5.0999756
126092019;1;09/26/2019;1507.5;1507.5;1507.5;0.0
125092019;1;09/25/2019;1504.6;1527.9;1504.6;-23.0
124092019;1;09/24/2019;1532.1;1533.0;1515.1;17.0
123092019;1;09/23/2019;1523.7;1523.7;1515.5;8.199951
120092019;1;09/20/2019;1507.3;1507.3;1503.0;4.300049
119092019;1;09/19/2019;1498.4;1502.4;1496.1;2.3000488
118092019;1;09/18/2019;1507.5;1509.4;1489.3;-1.4000244
117092019;1;09/17/2019;1505.1;1505.1;1497.9;7.199951
116092019;1;09/16/2019;1503.1;1506.8;1496.9;-3.5
113092019;1;09/13/2019;1490.9;1490.9;1486.9;0.0
112092019;1;09/12/2019;1498.7;1515.4;1498.7;-0.8000488
111092019;1;09/11/2019;1494.4;1496.6;1490.2;2.7000732
110092019;1;09/10/2019;1490.3;1498.5;1486.9;-8.199951
109092019;1;09/09/2019;1502.2;1513.0;1498.0;-6.800049
106092019;1;09/06/2019;1506.2;1526.0;1504.5;-11.100098
105092019;1;09/05/2019;1515.4;1551.1;1511.1;-35.599976
104092019;1;09/04/2019;1550.3;1553.2;1534.8;1.3000488
103092019;1;09/03/2019;1545.9;1547.3;1521.0;23.0
130082019;1;08/30/2019;1519.1;1530.4;1516.7;-5.5
129082019;1;08/29/2019;1526.5;1549.3;1519.6;-11.0
128082019;1;08/28/2019;1537.8;1538.1;1537.8;-0.29992676
127082019;1;08/27/2019;1541.0;1542.1;1528.5;10.5
126082019;1;08/26/2019;1526.3;1543.3;1524.3;-16.899902
123082019;1;08/23/2019;1526.6;1527.6;1493.5;33.099976
122082019;1;08/22/2019;1497.3;1497.3;1493.8;2.2000732
121082019;1;08/21/2019;1504.6;1505.0;1498.8;-0.30004883
120082019;1;08/20/2019;1504.6;1506.1;1497.5;7.0999756
119082019;1;08/19/2019;1500.4;1507.6;1492.9;-6.7999268
116082019;1;08/16/2019;1512.5;1524.6;1504.7;-12.099976
115082019;1;08/15/2019;1519.6;1522.7;1510.6;-0.20007324
114082019;1;08/14/2019;1515.9;1520.5;1497.0;15.900024
113082019;1;08/13/2019;1502.2;1531.4;1483.7;-8.200073
112082019;1;08/12/2019;1505.3;1514.9;1488.1;9.300049
109082019;1;08/09/2019;1496.6;1507.5;1495.6;-9.599976
108082019;1;08/08/2019;1497.7;1508.5;1492.0;-0.70007324
107082019;1;08/07/2019;1507.3;1509.9;1473.2;33.80005
106082019;1;08/06/2019;1472.4;1475.0;1457.7;2.7000732
105082019;1;08/05/2019;1464.6;1469.7;1440.4;24.199951
102082019;1;08/02/2019;1445.6;1448.0;1432.3;-2.4000244
101082019;1;08/01/2019;1420.9;1445.2;1400.9;9.599976
131072019;1;07/31/2019;1426.1;1435.8;1411.2;-5.2000732
130072019;1;07/30/2019;1429.7;1433.9;1422.1;3.3999023
129072019;1;07/29/2019;1419.6;1419.6;1419.6;0.0
126072019;1;07/26/2019;1418.5;1423.0;1418.5;-4.300049
125072019;1;07/25/2019;1413.9;1413.9;1413.9;0.0
124072019;1;07/24/2019;1422.8;1422.8;1422.8;0.0
123072019;1;07/23/2019;1420.1;1421.3;1416.3;1.5
122072019;1;07/22/2019;1425.3;1425.3;1424.0;0.0
119072019;1;07/19/2019;1425.1;1442.0;1425.1;-15.400024
118072019;1;07/18/2019;1426.1;1444.2;1419.5;3.7999268
117072019;1;07/17/2019;1421.3;1421.3;1404.6;16.700073
116072019;1;07/16/2019;1409.2;1413.7;1405.0;-4.4000244
115072019;1;07/15/2019;1411.4;1415.0;1411.4;-3.0
112072019;1;07/12/2019;1409.9;1410.1;1405.6;4.300049
111072019;1;07/11/2019;1404.3;1424.0;1404.3;-19.699951
110072019;1;07/10/2019;1410.1;1410.1;1409.9;0.19995117
109072019;1;07/09/2019;1397.5;1397.5;1386.2;3.0
108072019;1;07/08/2019;1397.0;1397.0;1393.6;1.0999756
105072019;1;07/05/2019;1396.7;1418.3;1390.2;-21.600098
103072019;1;07/03/2019;1417.7;1434.0;1413.1;-13.300049
102072019;1;07/02/2019;1404.6;1418.4;1390.8;13.5
101072019;1;07/01/2019;1385.6;1395.8;1382.8;-1.0
128062019;1;06/28/2019;1409.7;1422.0;1408.3;1.3999023
127062019;1;06/27/2019;1408.4;1410.8;1399.8;1.4000244
126062019;1;06/26/2019;1411.6;1413.3;1405.8;4.4000244
125062019;1;06/25/2019;1414.9;1433.3;1414.9;-3.1999512
124062019;1;06/24/2019;1414.3;1420.6;1402.1;8.300049
121062019;1;06/21/2019;1396.2;1406.0;1390.3;-9.800049
120062019;1;06/20/2019;1392.9;1392.9;1379.5;11.400024
119062019;1;06/19/2019;1344.6;1344.6;1344.0;0.5999756
118062019;1;06/18/2019;1346.6;1349.3;1341.6;-2.7000732
117062019;1;06/17/2019;1338.7;1340.3;1335.0;-0.30004883
114062019;1;06/14/2019;1340.1;1355.4;1339.3;-5.300049
113062019;1;06/13/2019;1339.2;1341.1;1331.6;7.5999756
112062019;1;06/12/2019;1331.9;1334.5;1326.9;5.0
111062019;1;06/11/2019;1326.4;1328.4;1319.1;-2.0
110062019;1;06/10/2019;1324.7;1336.5;1324.1;-11.100098
107062019;1;06/07/2019;1341.2;1347.7;1329.8;8.099976
106062019;1;06/06/2019;1337.6;1338.7;1326.2;6.7999268
105062019;1;06/05/2019;1328.3;1343.3;1326.3;-0.5999756
104062019;1;06/04/2019;1323.4;1328.6;1320.8;-0.9000244
103062019;1;06/03/2019;1322.7;1327.8;1307.0;15.699951
131052019;1;05/31/2019;1305.8;1306.4;1287.5;18.100098
130052019;1;05/30/2019;1287.1;1288.3;1273.9;7.699951
129052019;1;05/29/2019;1280.6;1280.6;1280.6;0.0
128052019;1;05/28/2019;1276.5;1276.5;1276.5;0.0
124052019;1;05/24/2019;1283.0;1283.0;1283.0;0.0
123052019;1;05/23/2019;1284.8;1284.8;1284.8;0.0
122052019;1;05/22/2019;1273.6;1273.6;1273.6;0.0
121052019;1;05/21/2019;1272.0;1272.0;1272.0;0.0
120052019;1;05/20/2019;1276.1;1276.1;1276.1;0.0
117052019;1;05/17/2019;1274.5;1280.0;1274.5;-5.5
116052019;1;05/16/2019;1285.0;1285.4;1285.0;-0.19995117
115052019;1;05/15/2019;1296.3;1296.9;1296.0;-0.5999756
114052019;1;05/14/2019;1294.7;1297.8;1294.7;-3.1000977
113052019;1;05/13/2019;1300.1;1300.1;1281.8;13.400024
110052019;1;05/10/2019;1285.7;1286.5;1283.3;0.29992676
109052019;1;05/09/2019;1283.5;1285.0;1278.8;4.5999756
108052019;1;05/08/2019;1279.4;1279.4;1279.4;0.0
107052019;1;05/07/2019;1283.5;1283.5;1280.5;3.0
106052019;1;05/06/2019;1281.7;1282.2;1280.3;-0.5
103052019;1;05/03/2019;1279.2;1279.2;1270.1;9.099976
102052019;1;05/02/2019;1269.7;1270.8;1266.6;0.5
101052019;1;05/01/2019;1281.4;1283.3;1278.7;2.7000732
130042019;1;04/30/2019;1282.8;1283.3;1280.8;1.1000977
129042019;1;04/29/2019;1278.6;1284.9;1277.1;-6.2000732
126042019;1;04/26/2019;1284.9;1284.9;1284.9;0.0
125042019;1;04/25/2019;1275.8;1280.8;1275.8;-4.7999268
124042019;1;04/24/2019;1275.5;1275.5;1267.8;7.0999756
123042019;1;04/23/2019;1269.3;1269.8;1266.0;2.9000244
122042019;1;04/22/2019;1273.5;1273.5;1273.5;0.0
118042019;1;04/18/2019;1271.9;1273.6;1270.1;1.0999756
117042019;1;04/17/2019;1272.2;1273.5;1271.6;-1.3000488
116042019;1;04/16/2019;1272.6;1285.2;1272.2;-12.599976
115042019;1;04/15/2019;1286.8;1287.3;1282.3;2.0
112042019;1;04/12/2019;1290.6;1293.4;1289.2;-2.8000488
111042019;1;04/11/2019;1288.6;1307.1;1288.6;-18.400024
110042019;1;04/10/2019;1309.1;1309.1;1301.5;5.0999756
109042019;1;04/09/2019;1303.5;1304.9;1298.5;5.0
108042019;1;04/08/2019;1297.1;1302.1;1291.8;4.9000244
105042019;1;04/05/2019;1290.4;1292.0;1283.6;-1.5999756
104042019;1;04/04/2019;1289.0;1292.6;1279.5;-1.5999756
103042019;1;04/03/2019;1289.9;1293.1;1287.5;-1.5
102042019;1;04/02/2019;1290.0;1290.9;1284.5;3.6999512
101042019;1;04/01/2019;1288.4;1295.9;1285.7;-3.4000244
129032019;1;03/29/2019;1293.0;1298.5;1286.1;3.4000244
128032019;1;03/28/2019;1289.8;1311.1;1287.7;-18.599976
127032019;1;03/27/2019;1309.9;1309.9;1309.9;0.0
126032019;1;03/26/2019;1314.3;1315.6;1314.3;-1.2999268
125032019;1;03/25/2019;1321.9;1322.9;1320.7;1.2000732
122032019;1;03/22/2019;1311.6;1311.6;1311.6;0.0
121032019;1;03/21/2019;1306.1;1306.1;1306.1;0.0
120032019;1;03/20/2019;1300.5;1300.7;1300.5;-0.19995117
119032019;1;03/19/2019;1305.0;1306.9;1304.8;-1.9000244
118032019;1;03/18/2019;1300.3;1302.2;1297.3;3.0
115032019;1;03/15/2019;1301.8;1304.7;1300.5;0.9000244
114032019;1;03/14/2019;1293.4;1293.4;1293.4;0.0
113032019;1;03/13/2019;1307.5;1307.5;1307.5;0.0
112032019;1;03/12/2019;1296.3;1296.3;1294.7;1.6000977
111032019;1;03/11/2019;1288.8;1291.0;1288.8;-2.1999512
108032019;1;03/08/2019;1297.0;1297.4;1291.6;4.9000244
107032019;1;03/07/2019;1283.8;1284.6;1281.0;2.8000488
106032019;1;03/06/2019;1284.9;1287.1;1282.6;-2.1999512
105032019;1;03/05/2019;1282.0;1287.0;1282.0;-5.0
104032019;1;03/04/2019;1284.8;1287.0;1281.9;-0.6999512
101032019;1;03/01/2019;1296.4;1312.2;1288.9;-15.799927
128022019;1;02/28/2019;1312.8;1323.7;1311.5;-8.299927
127022019;1;02/27/2019;1317.7;1327.9;1316.5;-10.0
126022019;1;02/26/2019;1325.1;1325.5;1323.3;1.7999268
125022019;1;02/25/2019;1325.9;1331.6;1325.6;-3.2999268
122022019;1;02/22/2019;1329.2;1331.3;1321.0;5.0
121022019;1;02/21/2019;1323.5;1334.9;1320.9;-7.800049
120022019;1;02/20/2019;1343.3;1344.0;1338.0;1.1000977
119022019;1;02/19/2019;1340.1;1340.1;1320.5;19.199951
115022019;1;02/15/2019;1318.1;1318.8;1313.6;4.5
114022019;1;02/14/2019;1309.8;1311.8;1301.6;4.800049
113022019;1;02/13/2019;1310.8;1316.0;1308.1;-0.79992676
112022019;1;02/12/2019;1309.2;1312.0;1307.6;-0.8000488
111022019;1;02/11/2019;1307.0;1313.4;1304.7;-6.4000244
108022019;1;02/08/2019;1313.7;1314.0;1307.8;4.199951
107022019;1;02/07/2019;1309.4;1310.4;1302.2;6.5
106022019;1;02/06/2019;1309.5;1313.5;1305.0;-3.0
105022019;1;02/05/2019;1314.2;1315.1;1311.0;3.0999756
104022019;1;02/04/2019;1314.3;1318.1;1308.3;-3.7999268
101022019;1;02/01/2019;1316.9;1320.7;1315.4;-3.4000244
131012019;1;01/31/2019;1319.7;1325.4;1316.7;-0.30004883
130012019;1;01/30/2019;1309.9;1323.4;1308.1;-0.5
129012019;1;01/29/2019;1308.2;1308.2;1308.2;0.0
128012019;1;01/28/2019;1302.4;1307.1;1298.4;1.5999756
125012019;1;01/25/2019;1297.4;1297.4;1297.4;0.0
124012019;1;01/24/2019;1279.1;1279.1;1278.5;0.0
123012019;1;01/23/2019;1283.1;1283.9;1278.7;1.4000244
122012019;1;01/22/2019;1282.5;1283.3;1282.5;0.0
118012019;1;01/18/2019;1281.3;1281.3;1281.3;0.0
117012019;1;01/17/2019;1291.0;1292.7;1288.5;-0.5999756
116012019;1;01/16/2019;1291.6;1291.6;1291.6;0.0
115012019;1;01/15/2019;1286.2;1292.7;1286.2;-3.9000244
114012019;1;01/14/2019;1289.1;1293.9;1289.1;-3.3000488
111012019;1;01/11/2019;1287.1;1291.2;1286.3;-4.0999756
110012019;1;01/10/2019;1284.7;1284.7;1284.7;0.0
109012019;1;01/09/2019;1289.3;1289.3;1279.2;9.900024
108012019;1;01/08/2019;1283.2;1283.2;1278.2;2.6999512
107012019;1;01/07/2019;1286.8;1286.8;1286.6;0.0
104012019;1;01/04/2019;1282.7;1294.2;1275.3;-11.5
103012019;1;01/03/2019;1291.8;1292.0;1286.7;5.0
102012019;1;01/02/2019;1281.0;1286.0;1277.6;-5.0
131122018;1;12/31/2018;1278.3;1281.3;1277.6;0.30004883
128122018;1;12/28/2018;1279.9;1280.1;1273.5;6.4000244
127122018;1;12/27/2018;1277.3;1277.3;1276.7;0.60009766
126122018;1;12/26/2018;1269.2;1277.4;1269.2;-0.100097656
124122018;1;12/24/2018;1267.5;1268.5;1260.3;7.199951
121122018;1;12/21/2018;1253.8;1261.3;1253.8;-6.5
120122018;1;12/20/2018;1263.6;1263.6;1243.2;20.400024
119122018;1;12/19/2018;1252.1;1255.8;1252.1;-3.7000732
118122018;1;12/18/2018;1249.2;1249.2;1245.6;1.0
117122018;1;12/17/2018;1247.4;1247.4;1239.3;8.099976
114122018;1;12/14/2018;1237.0;1241.7;1234.1;-4.699951
113122018;1;12/13/2018;1242.7;1243.5;1241.0;-0.8000488
112122018;1;12/12/2018;1244.4;1245.6;1244.1;-0.9000244
111122018;1;12/11/2018;1241.9;1248.7;1241.5;-3.9000244
110122018;1;12/10/2018;1243.7;1249.6;1241.7;-5.9000244
107122018;1;12/07/2018;1246.8;1249.8;1237.6;8.5
106122018;1;12/06/2018;1238.1;1244.4;1234.8;0.5999756
104122018;1;12/04/2018;1241.1;1241.4;1230.4;10.099976
103122018;1;12/03/2018;1233.9;1234.1;1221.3;11.400024
130112018;1;11/30/2018;1220.2;1225.0;1216.1;-3.9000244
129112018;1;11/29/2018;1224.1;1228.7;1220.5;3.0999756
128112018;1;11/28/2018;1221.4;1221.4;1211.5;9.900024
127112018;1;11/27/2018;1211.2;1222.0;1211.2;-10.700073
126112018;1;11/26/2018;1220.2;1222.0;1220.2;0.0
123112018;1;11/23/2018;1221.0;1224.8;1221.0;-3.8000488
121112018;1;11/21/2018;1225.8;1225.8;1225.8;0.0
120112018;1;11/20/2018;1219.0;1228.8;1219.0;-6.300049
119112018;1;11/19/2018;1223.1;1223.1;1223.1;0.0
116112018;1;11/16/2018;1220.8;1223.8;1216.7;4.1000977
115112018;1;11/15/2018;1212.8;1212.8;1212.8;0.0
114112018;1;11/14/2018;1207.9;1207.9;1207.9;0.0
113112018;1;11/13/2018;1199.2;1201.3;1196.3;2.8999023
112112018;1;11/12/2018;1201.3;1201.6;1201.3;-0.29992676
109112018;1;11/09/2018;1206.4;1207.9;1206.4;-1.5
108112018;1;11/08/2018;1222.9;1222.9;1222.9;0.0
107112018;1;11/07/2018;1226.2;1228.6;1226.2;-2.4000244
106112018;1;11/06/2018;1223.8;1233.8;1223.8;-6.8999023
105112018;1;11/05/2018;1229.8;1231.5;1226.7;-0.79992676
102112018;1;11/02/2018;1230.9;1233.3;1230.9;-2.4000244
101112018;1;11/01/2018;1236.0;1236.0;1215.4;20.599976
131102018;1;10/31/2018;1212.3;1216.6;1212.0;-3.6999512
130102018;1;10/30/2018;1222.6;1227.7;1219.8;-5.0999756
129102018;1;10/29/2018;1224.5;1224.5;1224.5;0.0
126102018;1;10/26/2018;1232.5;1234.8;1232.5;-1.8000488
125102018;1;10/25/2018;1229.1;1238.6;1229.1;-9.5
124102018;1;10/24/2018;1227.8;1231.6;1227.8;-3.7999268
123102018;1;10/23/2018;1233.4;1237.8;1224.8;8.599976
122102018;1;10/22/2018;1221.2;1224.5;1219.6;-3.3000488
119102018;1;10/19/2018;1225.3;1225.3;1225.3;0.0
118102018;1;10/18/2018;1226.5;1226.5;1226.5;0.0
117102018;1;10/17/2018;1223.7;1225.9;1223.7;-2.2000732
116102018;1;10/16/2018;1227.3;1230.5;1227.1;0.20007324
115102018;1;10/15/2018;1226.4;1232.3;1222.4;4.0
112102018;1;10/12/2018;1218.1;1221.6;1216.0;-3.5
111102018;1;10/11/2018;1223.5;1224.6;1196.3;25.400024
110102018;1;10/10/2018;1189.3;1192.0;1189.3;0.0
109102018;1;10/09/2018;1187.2;1189.1;1185.6;1.5999756
108102018;1;10/08/2018;1184.4;1201.0;1183.7;-16.599976
105102018;1;10/05/2018;1201.2;1205.3;1196.9;4.0999756
104102018;1;10/04/2018;1197.2;1204.6;1197.2;-2.1000977
103102018;1;10/03/2018;1198.3;1202.6;1196.6;-4.2999268
102102018;1;10/02/2018;1202.4;1206.0;1190.3;9.400024
101102018;1;10/01/2018;1187.1;1191.6;1185.8;-4.5
128092018;1;09/28/2018;1191.5;1191.9;1180.0;9.800049
127092018;1;09/27/2018;1182.3;1197.3;1180.5;-12.299927
126092018;1;09/26/2018;1194.0;1194.0;1194.0;0.0
125092018;1;09/25/2018;1200.0;1202.8;1200.0;-2.0999756
124092018;1;09/24/2018;1199.3;1199.3;1199.3;0.0
121092018;1;09/21/2018;1196.2;1196.2;1196.2;0.0
120092018;1;09/20/2018;1206.2;1206.2;1206.2;0.0
119092018;1;09/19/2018;1202.2;1202.2;1202.2;0.0
118092018;1;09/18/2018;1196.8;1198.7;1196.8;-1.8999023
117092018;1;09/17/2018;1199.7;1199.7;1199.7;0.0
114092018;1;09/14/2018;1195.0;1195.0;1195.0;0.0
113092018;1;09/13/2018;1202.0;1203.4;1200.0;-1.4000244
112092018;1;09/12/2018;1204.7;1205.0;1204.7;-0.30004883
111092018;1;09/11/2018;1195.4;1196.3;1190.4;5.0
110092018;1;09/10/2018;1193.0;1193.0;1193.0;0.0
107092018;1;09/07/2018;1193.6;1198.3;1193.1;-4.7000732
106092018;1;09/06/2018;1197.9;1202.0;1197.9;-4.0999756
105092018;1;09/05/2018;1194.9;1196.0;1192.5;2.4000244
104092018;1;09/04/2018;1192.7;1193.8;1189.9;-1.1000977
131082018;1;08/31/2018;1200.3;1208.2;1199.1;-6.7999268
130082018;1;08/30/2018;1197.7;1205.6;1196.0;-7.7000732
129082018;1;08/29/2018;1204.5;1205.2;1202.4;-0.6999512
128082018;1;08/28/2018;1207.4;1217.0;1202.3;-2.2999268
127082018;1;08/27/2018;1209.0;1211.4;1205.2;-1.3000488
124082018;1;08/24/2018;1206.3;1208.0;1185.3;21.0
123082018;1;08/23/2018;1187.0;1190.3;1184.9;-2.3000488
122082018;1;08/22/2018;1196.3;1196.3;1194.7;1.6000977
121082018;1;08/21/2018;1192.6;1192.6;1189.8;2.7999268
120082018;1;08/20/2018;1186.8;1190.0;1184.4;2.0
117082018;1;08/17/2018;1176.5;1181.2;1174.7;1.8000488
116082018;1;08/16/2018;1176.2;1180.2;1161.4;3.0
115082018;1;08/15/2018;1177.5;1188.1;1174.6;-10.300049
114082018;1;08/14/2018;1193.0;1197.5;1192.8;-0.099975586
113082018;1;08/13/2018;1191.3;1207.4;1191.3;-15.699951
110082018;1;08/10/2018;1211.1;1216.4;1205.6;-1.4000244
109082018;1;08/09/2018;1211.9;1215.3;1211.6;-2.5999756
